"subject","version","assignmentId","word","word_ind","value","exposures","stamp","id"
"A4IH4CO046EV3","cs_wg_v4_pilot1","3ZAK8W07I4FNDLLTKHX18JE2FKQU01","WEDDING","0","2","8","2017-03-24 17:18:34","11437"
"A4IH4CO046EV3","cs_wg_v4_pilot1","3ZAK8W07I4FNDLLTKHX18JE2FKQU01","UMBRELLA","5","1","8","2017-03-24 17:18:34","11438"
"A4IH4CO046EV3","cs_wg_v4_pilot1","3ZAK8W07I4FNDLLTKHX18JE2FKQU01","BOOKSHELF","4","0","8","2017-03-24 17:18:34","11439"
"A4IH4CO046EV3","cs_wg_v4_pilot1","3ZAK8W07I4FNDLLTKHX18JE2FKQU01","LADDER","2","9","8","2017-03-24 17:18:34","11440"
"A4IH4CO046EV3","cs_wg_v4_pilot1","3ZAK8W07I4FNDLLTKHX18JE2FKQU01","COMMUNITY","3","8","8","2017-03-24 17:18:34","11441"
"A4IH4CO046EV3","cs_wg_v4_pilot1","3ZAK8W07I4FNDLLTKHX18JE2FKQU01","STOMACH","1","10","8","2017-03-24 17:18:34","11442"
"A4IH4CO046EV3","cs_wg_v4_pilot1","3ZAK8W07I4FNDLLTKHX18JE2FKQU01","FOOTBALL","6","10","8","2017-03-24 17:18:34","11443"
"A4IH4CO046EV3","cs_wg_v4_pilot1","3ZAK8W07I4FNDLLTKHX18JE2FKQU01","TRAFFIC","9","10","8","2017-03-24 17:18:34","11444"
"A4IH4CO046EV3","cs_wg_v4_pilot1","3ZAK8W07I4FNDLLTKHX18JE2FKQU01","DOORWAY","7","0","8","2017-03-24 17:18:34","11445"
"A4IH4CO046EV3","cs_wg_v4_pilot1","3ZAK8W07I4FNDLLTKHX18JE2FKQU01","HELICOPTER","8","0","8","2017-03-24 17:18:34","11446"
"A4IH4CO046EV3","cs_wg_v4_pilot1","3ZAK8W07I4FNDLLTKHX18JE2FKQU01","STRUCTURE","10","9","8","2017-03-24 17:18:34","11447"
"A4IH4CO046EV3","cs_wg_v4_pilot1","3ZAK8W07I4FNDLLTKHX18JE2FKQU01","MACHINE","11","8","8","2017-03-24 17:18:34","11448"
"A4IH4CO046EV3","cs_wg_v4_pilot1","3ZAK8W07I4FNDLLTKHX18JE2FKQU01","KEYBOARD","12","1","8","2017-03-24 17:18:34","11449"
"A4IH4CO046EV3","cs_wg_v4_pilot1","3ZAK8W07I4FNDLLTKHX18JE2FKQU01","BASKET","13","2","8","2017-03-24 17:18:34","11450"
"A36TE52PSYAAD6","cs_wg_v4_pilot1","3OUYGIZWR7ZALGDX3VY7YDR373YP00","WEDDING","0","0","8","2017-03-24 17:18:38","11451"
"A36TE52PSYAAD6","cs_wg_v4_pilot1","3OUYGIZWR7ZALGDX3VY7YDR373YP00","STOMACH","1","1","8","2017-03-24 17:18:38","11452"
"A36TE52PSYAAD6","cs_wg_v4_pilot1","3OUYGIZWR7ZALGDX3VY7YDR373YP00","LADDER","2","9","8","2017-03-24 17:18:38","11453"
"A36TE52PSYAAD6","cs_wg_v4_pilot1","3OUYGIZWR7ZALGDX3VY7YDR373YP00","COMMUNITY","3","0","8","2017-03-24 17:18:38","11454"
"A36TE52PSYAAD6","cs_wg_v4_pilot1","3OUYGIZWR7ZALGDX3VY7YDR373YP00","BOOKSHELF","4","2","8","2017-03-24 17:18:38","11455"
"A36TE52PSYAAD6","cs_wg_v4_pilot1","3OUYGIZWR7ZALGDX3VY7YDR373YP00","UMBRELLA","5","10","8","2017-03-24 17:18:38","11456"
"A36TE52PSYAAD6","cs_wg_v4_pilot1","3OUYGIZWR7ZALGDX3VY7YDR373YP00","FOOTBALL","6","0","8","2017-03-24 17:18:38","11457"
"A36TE52PSYAAD6","cs_wg_v4_pilot1","3OUYGIZWR7ZALGDX3VY7YDR373YP00","DOORWAY","7","8","8","2017-03-24 17:18:38","11458"
"A36TE52PSYAAD6","cs_wg_v4_pilot1","3OUYGIZWR7ZALGDX3VY7YDR373YP00","HELICOPTER","8","1","8","2017-03-24 17:18:38","11459"
"A36TE52PSYAAD6","cs_wg_v4_pilot1","3OUYGIZWR7ZALGDX3VY7YDR373YP00","TRAFFIC","9","2","8","2017-03-24 17:18:38","11460"
"A36TE52PSYAAD6","cs_wg_v4_pilot1","3OUYGIZWR7ZALGDX3VY7YDR373YP00","STRUCTURE","10","8","8","2017-03-24 17:18:38","11461"
"A36TE52PSYAAD6","cs_wg_v4_pilot1","3OUYGIZWR7ZALGDX3VY7YDR373YP00","MACHINE","11","10","8","2017-03-24 17:18:38","11462"
"A36TE52PSYAAD6","cs_wg_v4_pilot1","3OUYGIZWR7ZALGDX3VY7YDR373YP00","KEYBOARD","12","10","8","2017-03-24 17:18:38","11463"
"A36TE52PSYAAD6","cs_wg_v4_pilot1","3OUYGIZWR7ZALGDX3VY7YDR373YP00","BASKET","13","9","8","2017-03-24 17:18:38","11464"
"A3FTOELF4L0OWS","cs_wg_v4_pilot1","39ASUFLU6X8ELFUIXT73DFFA33HEXZ","WEDDING","0","0","8","2017-03-24 17:20:53","11465"
"A3FTOELF4L0OWS","cs_wg_v4_pilot1","39ASUFLU6X8ELFUIXT73DFFA33HEXZ","STOMACH","1","0","8","2017-03-24 17:20:53","11466"
"A3FTOELF4L0OWS","cs_wg_v4_pilot1","39ASUFLU6X8ELFUIXT73DFFA33HEXZ","LADDER","2","9","8","2017-03-24 17:20:53","11467"
"A3FTOELF4L0OWS","cs_wg_v4_pilot1","39ASUFLU6X8ELFUIXT73DFFA33HEXZ","COMMUNITY","3","8","8","2017-03-24 17:20:53","11468"
"A3FTOELF4L0OWS","cs_wg_v4_pilot1","39ASUFLU6X8ELFUIXT73DFFA33HEXZ","UMBRELLA","5","10","8","2017-03-24 17:20:53","11469"
"A3FTOELF4L0OWS","cs_wg_v4_pilot1","39ASUFLU6X8ELFUIXT73DFFA33HEXZ","BOOKSHELF","4","8","8","2017-03-24 17:20:53","11470"
"A3FTOELF4L0OWS","cs_wg_v4_pilot1","39ASUFLU6X8ELFUIXT73DFFA33HEXZ","DOORWAY","7","2","8","2017-03-24 17:20:53","11471"
"A3FTOELF4L0OWS","cs_wg_v4_pilot1","39ASUFLU6X8ELFUIXT73DFFA33HEXZ","FOOTBALL","6","2","8","2017-03-24 17:20:53","11472"
"A3FTOELF4L0OWS","cs_wg_v4_pilot1","39ASUFLU6X8ELFUIXT73DFFA33HEXZ","HELICOPTER","8","1","8","2017-03-24 17:20:53","11473"
"A3FTOELF4L0OWS","cs_wg_v4_pilot1","39ASUFLU6X8ELFUIXT73DFFA33HEXZ","TRAFFIC","9","0","8","2017-03-24 17:20:53","11474"
"A3FTOELF4L0OWS","cs_wg_v4_pilot1","39ASUFLU6X8ELFUIXT73DFFA33HEXZ","STRUCTURE","10","9","8","2017-03-24 17:20:53","11475"
"A3FTOELF4L0OWS","cs_wg_v4_pilot1","39ASUFLU6X8ELFUIXT73DFFA33HEXZ","MACHINE","11","10","8","2017-03-24 17:20:53","11476"
"A3FTOELF4L0OWS","cs_wg_v4_pilot1","39ASUFLU6X8ELFUIXT73DFFA33HEXZ","KEYBOARD","12","1","8","2017-03-24 17:20:53","11477"
"A3FTOELF4L0OWS","cs_wg_v4_pilot1","39ASUFLU6X8ELFUIXT73DFFA33HEXZ","BASKET","13","10","8","2017-03-24 17:20:53","11478"
"A2ZR3PL5I0KPQ6","cs_wg_v4_pilot1","3ITXP059PWKE0EUBHKC7BNBATWBJSH","WEDDING","0","1","8","2017-03-24 17:21:36","11479"
"A2ZR3PL5I0KPQ6","cs_wg_v4_pilot1","3ITXP059PWKE0EUBHKC7BNBATWBJSH","LADDER","2","8","8","2017-03-24 17:21:37","11480"
"A2ZR3PL5I0KPQ6","cs_wg_v4_pilot1","3ITXP059PWKE0EUBHKC7BNBATWBJSH","COMMUNITY","3","0","8","2017-03-24 17:21:37","11481"
"A2ZR3PL5I0KPQ6","cs_wg_v4_pilot1","3ITXP059PWKE0EUBHKC7BNBATWBJSH","STOMACH","1","8","8","2017-03-24 17:21:37","11482"
"A2ZR3PL5I0KPQ6","cs_wg_v4_pilot1","3ITXP059PWKE0EUBHKC7BNBATWBJSH","BOOKSHELF","4","10","8","2017-03-24 17:21:37","11483"
"A2ZR3PL5I0KPQ6","cs_wg_v4_pilot1","3ITXP059PWKE0EUBHKC7BNBATWBJSH","UMBRELLA","5","2","8","2017-03-24 17:21:37","11484"
"A2ZR3PL5I0KPQ6","cs_wg_v4_pilot1","3ITXP059PWKE0EUBHKC7BNBATWBJSH","FOOTBALL","6","0","8","2017-03-24 17:21:37","11485"
"A2ZR3PL5I0KPQ6","cs_wg_v4_pilot1","3ITXP059PWKE0EUBHKC7BNBATWBJSH","DOORWAY","7","10","8","2017-03-24 17:21:37","11486"
"A2ZR3PL5I0KPQ6","cs_wg_v4_pilot1","3ITXP059PWKE0EUBHKC7BNBATWBJSH","HELICOPTER","8","10","8","2017-03-24 17:21:37","11487"
"A2ZR3PL5I0KPQ6","cs_wg_v4_pilot1","3ITXP059PWKE0EUBHKC7BNBATWBJSH","STRUCTURE","10","9","8","2017-03-24 17:21:37","11488"
"A2ZR3PL5I0KPQ6","cs_wg_v4_pilot1","3ITXP059PWKE0EUBHKC7BNBATWBJSH","TRAFFIC","9","2","8","2017-03-24 17:21:37","11489"
"A2ZR3PL5I0KPQ6","cs_wg_v4_pilot1","3ITXP059PWKE0EUBHKC7BNBATWBJSH","BASKET","13","1","8","2017-03-24 17:21:37","11490"
"A2ZR3PL5I0KPQ6","cs_wg_v4_pilot1","3ITXP059PWKE0EUBHKC7BNBATWBJSH","MACHINE","11","0","8","2017-03-24 17:21:38","11491"
"A2ZR3PL5I0KPQ6","cs_wg_v4_pilot1","3ITXP059PWKE0EUBHKC7BNBATWBJSH","KEYBOARD","12","9","8","2017-03-24 17:21:38","11492"
"A17R9PYLUB516A","cs_wg_v4_pilot1","3ZGVPD4G6TI5FTCUO6KJ9MVMED2TZ1","WEDDING","0","9","8","2017-03-24 17:22:51","11493"
"A17R9PYLUB516A","cs_wg_v4_pilot1","3ZGVPD4G6TI5FTCUO6KJ9MVMED2TZ1","COMMUNITY","3","2","8","2017-03-24 17:22:51","11494"
"A17R9PYLUB516A","cs_wg_v4_pilot1","3ZGVPD4G6TI5FTCUO6KJ9MVMED2TZ1","STOMACH","1","10","8","2017-03-24 17:22:51","11495"
"A17R9PYLUB516A","cs_wg_v4_pilot1","3ZGVPD4G6TI5FTCUO6KJ9MVMED2TZ1","BOOKSHELF","4","1","8","2017-03-24 17:22:51","11496"
"A17R9PYLUB516A","cs_wg_v4_pilot1","3ZGVPD4G6TI5FTCUO6KJ9MVMED2TZ1","LADDER","2","10","8","2017-03-24 17:22:51","11497"
"A17R9PYLUB516A","cs_wg_v4_pilot1","3ZGVPD4G6TI5FTCUO6KJ9MVMED2TZ1","UMBRELLA","5","8","8","2017-03-24 17:22:51","11498"
"A17R9PYLUB516A","cs_wg_v4_pilot1","3ZGVPD4G6TI5FTCUO6KJ9MVMED2TZ1","FOOTBALL","6","9","8","2017-03-24 17:22:51","11499"
"A17R9PYLUB516A","cs_wg_v4_pilot1","3ZGVPD4G6TI5FTCUO6KJ9MVMED2TZ1","DOORWAY","7","8","8","2017-03-24 17:22:51","11500"
"A17R9PYLUB516A","cs_wg_v4_pilot1","3ZGVPD4G6TI5FTCUO6KJ9MVMED2TZ1","STRUCTURE","10","2","8","2017-03-24 17:22:51","11501"
"A17R9PYLUB516A","cs_wg_v4_pilot1","3ZGVPD4G6TI5FTCUO6KJ9MVMED2TZ1","TRAFFIC","9","1","8","2017-03-24 17:22:51","11502"
"A17R9PYLUB516A","cs_wg_v4_pilot1","3ZGVPD4G6TI5FTCUO6KJ9MVMED2TZ1","HELICOPTER","8","0","8","2017-03-24 17:22:51","11503"
"A17R9PYLUB516A","cs_wg_v4_pilot1","3ZGVPD4G6TI5FTCUO6KJ9MVMED2TZ1","MACHINE","11","0","8","2017-03-24 17:22:51","11504"
"A17R9PYLUB516A","cs_wg_v4_pilot1","3ZGVPD4G6TI5FTCUO6KJ9MVMED2TZ1","KEYBOARD","12","0","8","2017-03-24 17:22:51","11505"
"A17R9PYLUB516A","cs_wg_v4_pilot1","3ZGVPD4G6TI5FTCUO6KJ9MVMED2TZ1","BASKET","13","10","8","2017-03-24 17:22:51","11506"
"A3G6L97AX9KR7F","cs_wg_v4_pilot1","3D4CH1LGEAUM4X8B08RDXFE49G59GS","WEDDING","0","10","8","2017-03-24 17:25:38","11507"
"A3G6L97AX9KR7F","cs_wg_v4_pilot1","3D4CH1LGEAUM4X8B08RDXFE49G59GS","STOMACH","1","1","8","2017-03-24 17:25:38","11508"
"A3G6L97AX9KR7F","cs_wg_v4_pilot1","3D4CH1LGEAUM4X8B08RDXFE49G59GS","LADDER","2","10","8","2017-03-24 17:25:38","11509"
"A3G6L97AX9KR7F","cs_wg_v4_pilot1","3D4CH1LGEAUM4X8B08RDXFE49G59GS","COMMUNITY","3","9","8","2017-03-24 17:25:38","11510"
"A3G6L97AX9KR7F","cs_wg_v4_pilot1","3D4CH1LGEAUM4X8B08RDXFE49G59GS","BOOKSHELF","4","8","8","2017-03-24 17:25:38","11511"
"A3G6L97AX9KR7F","cs_wg_v4_pilot1","3D4CH1LGEAUM4X8B08RDXFE49G59GS","UMBRELLA","5","1","8","2017-03-24 17:25:38","11512"
"A3G6L97AX9KR7F","cs_wg_v4_pilot1","3D4CH1LGEAUM4X8B08RDXFE49G59GS","FOOTBALL","6","0","8","2017-03-24 17:25:38","11513"
"A3G6L97AX9KR7F","cs_wg_v4_pilot1","3D4CH1LGEAUM4X8B08RDXFE49G59GS","HELICOPTER","8","9","8","2017-03-24 17:25:38","11514"
"A3G6L97AX9KR7F","cs_wg_v4_pilot1","3D4CH1LGEAUM4X8B08RDXFE49G59GS","DOORWAY","7","2","8","2017-03-24 17:25:38","11515"
"A3G6L97AX9KR7F","cs_wg_v4_pilot1","3D4CH1LGEAUM4X8B08RDXFE49G59GS","STRUCTURE","10","8","8","2017-03-24 17:25:39","11516"
"A3G6L97AX9KR7F","cs_wg_v4_pilot1","3D4CH1LGEAUM4X8B08RDXFE49G59GS","TRAFFIC","9","10","8","2017-03-24 17:25:39","11517"
"A3G6L97AX9KR7F","cs_wg_v4_pilot1","3D4CH1LGEAUM4X8B08RDXFE49G59GS","MACHINE","11","2","8","2017-03-24 17:25:39","11518"
"A3G6L97AX9KR7F","cs_wg_v4_pilot1","3D4CH1LGEAUM4X8B08RDXFE49G59GS","KEYBOARD","12","0","8","2017-03-24 17:25:39","11519"
"A3G6L97AX9KR7F","cs_wg_v4_pilot1","3D4CH1LGEAUM4X8B08RDXFE49G59GS","BASKET","13","0","8","2017-03-24 17:25:39","11520"
"A1W4Q0E00VP6VD","cs_wg_v4_pilot1","3IJXV6UZ1XK64OASKDR29CREUF3RIP","WEDDING","0","0","8","2017-03-24 17:39:52","11521"
"A1W4Q0E00VP6VD","cs_wg_v4_pilot1","3IJXV6UZ1XK64OASKDR29CREUF3RIP","STOMACH","1","0","8","2017-03-24 17:39:52","11522"
"A1W4Q0E00VP6VD","cs_wg_v4_pilot1","3IJXV6UZ1XK64OASKDR29CREUF3RIP","UMBRELLA","5","0","8","2017-03-24 17:39:52","11524"
"A1W4Q0E00VP6VD","cs_wg_v4_pilot1","3IJXV6UZ1XK64OASKDR29CREUF3RIP","LADDER","2","10","8","2017-03-24 17:39:52","11523"
"A1W4Q0E00VP6VD","cs_wg_v4_pilot1","3IJXV6UZ1XK64OASKDR29CREUF3RIP","BOOKSHELF","4","1","8","2017-03-24 17:39:52","11525"
"A1W4Q0E00VP6VD","cs_wg_v4_pilot1","3IJXV6UZ1XK64OASKDR29CREUF3RIP","COMMUNITY","3","8","8","2017-03-24 17:39:52","11526"
"A1W4Q0E00VP6VD","cs_wg_v4_pilot1","3IJXV6UZ1XK64OASKDR29CREUF3RIP","FOOTBALL","6","2","8","2017-03-24 17:39:52","11527"
"A1W4Q0E00VP6VD","cs_wg_v4_pilot1","3IJXV6UZ1XK64OASKDR29CREUF3RIP","DOORWAY","7","9","8","2017-03-24 17:39:52","11528"
"A1W4Q0E00VP6VD","cs_wg_v4_pilot1","3IJXV6UZ1XK64OASKDR29CREUF3RIP","TRAFFIC","9","10","8","2017-03-24 17:39:52","11529"
"A1W4Q0E00VP6VD","cs_wg_v4_pilot1","3IJXV6UZ1XK64OASKDR29CREUF3RIP","MACHINE","11","2","8","2017-03-24 17:39:52","11530"
"A1W4Q0E00VP6VD","cs_wg_v4_pilot1","3IJXV6UZ1XK64OASKDR29CREUF3RIP","HELICOPTER","8","8","8","2017-03-24 17:39:52","11531"
"A1W4Q0E00VP6VD","cs_wg_v4_pilot1","3IJXV6UZ1XK64OASKDR29CREUF3RIP","STRUCTURE","10","1","8","2017-03-24 17:39:52","11532"
"A1W4Q0E00VP6VD","cs_wg_v4_pilot1","3IJXV6UZ1XK64OASKDR29CREUF3RIP","KEYBOARD","12","10","8","2017-03-24 17:39:52","11533"
"A1W4Q0E00VP6VD","cs_wg_v4_pilot1","3IJXV6UZ1XK64OASKDR29CREUF3RIP","BASKET","13","9","8","2017-03-24 17:39:52","11534"
"A3SHLGG66PJXEB","cs_wg_v4_pilot1","3TMSXRD2X610CEVGB0G24CI95S7W15","WEDDING","0","10","8","2017-03-24 17:42:53","11535"
"A3SHLGG66PJXEB","cs_wg_v4_pilot1","3TMSXRD2X610CEVGB0G24CI95S7W15","STOMACH","1","10","8","2017-03-24 17:42:53","11536"
"A3SHLGG66PJXEB","cs_wg_v4_pilot1","3TMSXRD2X610CEVGB0G24CI95S7W15","BOOKSHELF","4","1","8","2017-03-24 17:42:53","11537"
"A3SHLGG66PJXEB","cs_wg_v4_pilot1","3TMSXRD2X610CEVGB0G24CI95S7W15","COMMUNITY","3","8","8","2017-03-24 17:42:53","11538"
"A3SHLGG66PJXEB","cs_wg_v4_pilot1","3TMSXRD2X610CEVGB0G24CI95S7W15","LADDER","2","9","8","2017-03-24 17:42:53","11539"
"A3SHLGG66PJXEB","cs_wg_v4_pilot1","3TMSXRD2X610CEVGB0G24CI95S7W15","UMBRELLA","5","0","8","2017-03-24 17:42:53","11540"
"A3SHLGG66PJXEB","cs_wg_v4_pilot1","3TMSXRD2X610CEVGB0G24CI95S7W15","FOOTBALL","6","2","8","2017-03-24 17:42:53","11541"
"A3SHLGG66PJXEB","cs_wg_v4_pilot1","3TMSXRD2X610CEVGB0G24CI95S7W15","HELICOPTER","8","2","8","2017-03-24 17:42:54","11542"
"A3SHLGG66PJXEB","cs_wg_v4_pilot1","3TMSXRD2X610CEVGB0G24CI95S7W15","DOORWAY","7","0","8","2017-03-24 17:42:54","11543"
"A3SHLGG66PJXEB","cs_wg_v4_pilot1","3TMSXRD2X610CEVGB0G24CI95S7W15","MACHINE","11","8","8","2017-03-24 17:42:54","11544"
"A3SHLGG66PJXEB","cs_wg_v4_pilot1","3TMSXRD2X610CEVGB0G24CI95S7W15","TRAFFIC","9","0","8","2017-03-24 17:42:54","11545"
"A3SHLGG66PJXEB","cs_wg_v4_pilot1","3TMSXRD2X610CEVGB0G24CI95S7W15","BASKET","13","9","8","2017-03-24 17:42:54","11546"
"A3SHLGG66PJXEB","cs_wg_v4_pilot1","3TMSXRD2X610CEVGB0G24CI95S7W15","KEYBOARD","12","1","8","2017-03-24 17:42:54","11547"
"A3SHLGG66PJXEB","cs_wg_v4_pilot1","3TMSXRD2X610CEVGB0G24CI95S7W15","STRUCTURE","10","10","8","2017-03-24 17:42:54","11548"
"AFZ7Z5FOWM9VN","cs_wg_v4_pilot1","3VFJCI1K4Z0S8X4XUPRZO0EYF2BRGX","LADDER","2","10","8","2017-03-24 17:56:55","11549"
"AFZ7Z5FOWM9VN","cs_wg_v4_pilot1","3VFJCI1K4Z0S8X4XUPRZO0EYF2BRGX","WEDDING","0","9","8","2017-03-24 17:56:55","11550"
"AFZ7Z5FOWM9VN","cs_wg_v4_pilot1","3VFJCI1K4Z0S8X4XUPRZO0EYF2BRGX","BOOKSHELF","4","0","8","2017-03-24 17:56:55","11551"
"AFZ7Z5FOWM9VN","cs_wg_v4_pilot1","3VFJCI1K4Z0S8X4XUPRZO0EYF2BRGX","COMMUNITY","3","1","8","2017-03-24 17:56:55","11552"
"AFZ7Z5FOWM9VN","cs_wg_v4_pilot1","3VFJCI1K4Z0S8X4XUPRZO0EYF2BRGX","UMBRELLA","5","2","8","2017-03-24 17:56:55","11553"
"AFZ7Z5FOWM9VN","cs_wg_v4_pilot1","3VFJCI1K4Z0S8X4XUPRZO0EYF2BRGX","STOMACH","1","10","8","2017-03-24 17:56:55","11554"
"AFZ7Z5FOWM9VN","cs_wg_v4_pilot1","3VFJCI1K4Z0S8X4XUPRZO0EYF2BRGX","FOOTBALL","6","10","8","2017-03-24 17:56:55","11555"
"AFZ7Z5FOWM9VN","cs_wg_v4_pilot1","3VFJCI1K4Z0S8X4XUPRZO0EYF2BRGX","DOORWAY","7","0","8","2017-03-24 17:56:55","11556"
"AFZ7Z5FOWM9VN","cs_wg_v4_pilot1","3VFJCI1K4Z0S8X4XUPRZO0EYF2BRGX","HELICOPTER","8","8","8","2017-03-24 17:56:55","11557"
"AFZ7Z5FOWM9VN","cs_wg_v4_pilot1","3VFJCI1K4Z0S8X4XUPRZO0EYF2BRGX","MACHINE","11","9","8","2017-03-24 17:56:55","11558"
"AFZ7Z5FOWM9VN","cs_wg_v4_pilot1","3VFJCI1K4Z0S8X4XUPRZO0EYF2BRGX","STRUCTURE","10","1","8","2017-03-24 17:56:55","11559"
"AFZ7Z5FOWM9VN","cs_wg_v4_pilot1","3VFJCI1K4Z0S8X4XUPRZO0EYF2BRGX","TRAFFIC","9","2","8","2017-03-24 17:56:55","11560"
"AFZ7Z5FOWM9VN","cs_wg_v4_pilot1","3VFJCI1K4Z0S8X4XUPRZO0EYF2BRGX","KEYBOARD","12","0","8","2017-03-24 17:56:55","11561"
"AFZ7Z5FOWM9VN","cs_wg_v4_pilot1","3VFJCI1K4Z0S8X4XUPRZO0EYF2BRGX","BASKET","13","8","8","2017-03-24 17:56:55","11562"
"A15O8FA6OR136Z","cs_wg_v4_pilot1","3IX2EGZR7BK2ZZUY2VC2LD6E7USRJ1","LADDER","2","0","8","2017-03-24 17:58:23","11563"
"A15O8FA6OR136Z","cs_wg_v4_pilot1","3IX2EGZR7BK2ZZUY2VC2LD6E7USRJ1","STOMACH","1","9","8","2017-03-24 17:58:23","11564"
"A15O8FA6OR136Z","cs_wg_v4_pilot1","3IX2EGZR7BK2ZZUY2VC2LD6E7USRJ1","COMMUNITY","3","2","8","2017-03-24 17:58:23","11565"
"A15O8FA6OR136Z","cs_wg_v4_pilot1","3IX2EGZR7BK2ZZUY2VC2LD6E7USRJ1","WEDDING","0","10","8","2017-03-24 17:58:23","11566"
"A15O8FA6OR136Z","cs_wg_v4_pilot1","3IX2EGZR7BK2ZZUY2VC2LD6E7USRJ1","UMBRELLA","5","1","8","2017-03-24 17:58:23","11567"
"A15O8FA6OR136Z","cs_wg_v4_pilot1","3IX2EGZR7BK2ZZUY2VC2LD6E7USRJ1","BOOKSHELF","4","10","8","2017-03-24 17:58:23","11568"
"A15O8FA6OR136Z","cs_wg_v4_pilot1","3IX2EGZR7BK2ZZUY2VC2LD6E7USRJ1","FOOTBALL","6","8","8","2017-03-24 17:58:23","11569"
"A15O8FA6OR136Z","cs_wg_v4_pilot1","3IX2EGZR7BK2ZZUY2VC2LD6E7USRJ1","HELICOPTER","8","0","8","2017-03-24 17:58:23","11570"
"A15O8FA6OR136Z","cs_wg_v4_pilot1","3IX2EGZR7BK2ZZUY2VC2LD6E7USRJ1","DOORWAY","7","0","8","2017-03-24 17:58:23","11571"
"A15O8FA6OR136Z","cs_wg_v4_pilot1","3IX2EGZR7BK2ZZUY2VC2LD6E7USRJ1","TRAFFIC","9","9","8","2017-03-24 17:58:23","11572"
"A15O8FA6OR136Z","cs_wg_v4_pilot1","3IX2EGZR7BK2ZZUY2VC2LD6E7USRJ1","KEYBOARD","12","1","8","2017-03-24 17:58:23","11573"
"A15O8FA6OR136Z","cs_wg_v4_pilot1","3IX2EGZR7BK2ZZUY2VC2LD6E7USRJ1","STRUCTURE","10","2","8","2017-03-24 17:58:23","11574"
"A15O8FA6OR136Z","cs_wg_v4_pilot1","3IX2EGZR7BK2ZZUY2VC2LD6E7USRJ1","MACHINE","11","10","8","2017-03-24 17:58:23","11575"
"A15O8FA6OR136Z","cs_wg_v4_pilot1","3IX2EGZR7BK2ZZUY2VC2LD6E7USRJ1","BASKET","13","8","8","2017-03-24 17:58:23","11576"
"A2D773GY0L2LLP","cs_wg_v4_pilot1","39ZSFO5CA8XUFRMF6P77QOTYETWJUX","LADDER","2","0","8","2017-03-24 18:04:48","11577"
"A2D773GY0L2LLP","cs_wg_v4_pilot1","39ZSFO5CA8XUFRMF6P77QOTYETWJUX","BOOKSHELF","4","10","8","2017-03-24 18:04:48","11578"
"A2D773GY0L2LLP","cs_wg_v4_pilot1","39ZSFO5CA8XUFRMF6P77QOTYETWJUX","STOMACH","1","10","8","2017-03-24 18:04:48","11579"
"A2D773GY0L2LLP","cs_wg_v4_pilot1","39ZSFO5CA8XUFRMF6P77QOTYETWJUX","WEDDING","0","8","8","2017-03-24 18:04:48","11580"
"A2D773GY0L2LLP","cs_wg_v4_pilot1","39ZSFO5CA8XUFRMF6P77QOTYETWJUX","COMMUNITY","3","9","8","2017-03-24 18:04:48","11581"
"A2D773GY0L2LLP","cs_wg_v4_pilot1","39ZSFO5CA8XUFRMF6P77QOTYETWJUX","UMBRELLA","5","1","8","2017-03-24 18:04:48","11582"
"A2D773GY0L2LLP","cs_wg_v4_pilot1","39ZSFO5CA8XUFRMF6P77QOTYETWJUX","HELICOPTER","8","0","8","2017-03-24 18:04:48","11583"
"A2D773GY0L2LLP","cs_wg_v4_pilot1","39ZSFO5CA8XUFRMF6P77QOTYETWJUX","DOORWAY","7","1","8","2017-03-24 18:04:48","11584"
"A2D773GY0L2LLP","cs_wg_v4_pilot1","39ZSFO5CA8XUFRMF6P77QOTYETWJUX","TRAFFIC","9","8","8","2017-03-24 18:04:48","11585"
"A2D773GY0L2LLP","cs_wg_v4_pilot1","39ZSFO5CA8XUFRMF6P77QOTYETWJUX","STRUCTURE","10","2","8","2017-03-24 18:04:48","11586"
"A2D773GY0L2LLP","cs_wg_v4_pilot1","39ZSFO5CA8XUFRMF6P77QOTYETWJUX","MACHINE","11","0","8","2017-03-24 18:04:48","11587"
"A2D773GY0L2LLP","cs_wg_v4_pilot1","39ZSFO5CA8XUFRMF6P77QOTYETWJUX","FOOTBALL","6","2","8","2017-03-24 18:04:48","11588"
"A2D773GY0L2LLP","cs_wg_v4_pilot1","39ZSFO5CA8XUFRMF6P77QOTYETWJUX","BASKET","13","9","8","2017-03-24 18:04:48","11589"
"A2D773GY0L2LLP","cs_wg_v4_pilot1","39ZSFO5CA8XUFRMF6P77QOTYETWJUX","KEYBOARD","12","10","8","2017-03-24 18:04:48","11590"
"A36T4UBLY7PC5B","cs_wg_v4_pilot1","3NGI5ARFTT6AS5YFZE27CIADCV4P13","WEDDING","0","0","8","2017-03-24 18:08:13","11591"
"A36T4UBLY7PC5B","cs_wg_v4_pilot1","3NGI5ARFTT6AS5YFZE27CIADCV4P13","LADDER","2","8","8","2017-03-24 18:08:13","11592"
"A36T4UBLY7PC5B","cs_wg_v4_pilot1","3NGI5ARFTT6AS5YFZE27CIADCV4P13","STOMACH","1","1","8","2017-03-24 18:08:13","11593"
"A36T4UBLY7PC5B","cs_wg_v4_pilot1","3NGI5ARFTT6AS5YFZE27CIADCV4P13","BOOKSHELF","4","9","8","2017-03-24 18:08:13","11594"
"A36T4UBLY7PC5B","cs_wg_v4_pilot1","3NGI5ARFTT6AS5YFZE27CIADCV4P13","COMMUNITY","3","9","8","2017-03-24 18:08:13","11595"
"A36T4UBLY7PC5B","cs_wg_v4_pilot1","3NGI5ARFTT6AS5YFZE27CIADCV4P13","UMBRELLA","5","1","8","2017-03-24 18:08:13","11596"
"A36T4UBLY7PC5B","cs_wg_v4_pilot1","3NGI5ARFTT6AS5YFZE27CIADCV4P13","TRAFFIC","9","2","8","2017-03-24 18:08:13","11597"
"A36T4UBLY7PC5B","cs_wg_v4_pilot1","3NGI5ARFTT6AS5YFZE27CIADCV4P13","DOORWAY","7","0","8","2017-03-24 18:08:13","11598"
"A36T4UBLY7PC5B","cs_wg_v4_pilot1","3NGI5ARFTT6AS5YFZE27CIADCV4P13","FOOTBALL","6","10","8","2017-03-24 18:08:13","11599"
"A36T4UBLY7PC5B","cs_wg_v4_pilot1","3NGI5ARFTT6AS5YFZE27CIADCV4P13","HELICOPTER","8","10","8","2017-03-24 18:08:13","11600"
"A36T4UBLY7PC5B","cs_wg_v4_pilot1","3NGI5ARFTT6AS5YFZE27CIADCV4P13","MACHINE","11","0","8","2017-03-24 18:08:13","11601"
"A36T4UBLY7PC5B","cs_wg_v4_pilot1","3NGI5ARFTT6AS5YFZE27CIADCV4P13","STRUCTURE","10","2","8","2017-03-24 18:08:13","11602"
"A36T4UBLY7PC5B","cs_wg_v4_pilot1","3NGI5ARFTT6AS5YFZE27CIADCV4P13","KEYBOARD","12","8","8","2017-03-24 18:08:13","11603"
"A36T4UBLY7PC5B","cs_wg_v4_pilot1","3NGI5ARFTT6AS5YFZE27CIADCV4P13","BASKET","13","10","8","2017-03-24 18:08:13","11604"
"A1MJHGH55K3O0","cs_wg_v4_pilot1","31LVTDXBL7B8UPIY5GOF1SJ6BJXRL3","WEDDING","0","9","8","2017-03-24 18:08:54","11605"
"A1MJHGH55K3O0","cs_wg_v4_pilot1","31LVTDXBL7B8UPIY5GOF1SJ6BJXRL3","LADDER","2","2","8","2017-03-24 18:08:54","11606"
"A1MJHGH55K3O0","cs_wg_v4_pilot1","31LVTDXBL7B8UPIY5GOF1SJ6BJXRL3","BOOKSHELF","4","2","8","2017-03-24 18:08:54","11607"
"A1MJHGH55K3O0","cs_wg_v4_pilot1","31LVTDXBL7B8UPIY5GOF1SJ6BJXRL3","STOMACH","1","10","8","2017-03-24 18:08:54","11608"
"A1MJHGH55K3O0","cs_wg_v4_pilot1","31LVTDXBL7B8UPIY5GOF1SJ6BJXRL3","COMMUNITY","3","8","8","2017-03-24 18:08:54","11609"
"A1MJHGH55K3O0","cs_wg_v4_pilot1","31LVTDXBL7B8UPIY5GOF1SJ6BJXRL3","UMBRELLA","5","10","8","2017-03-24 18:08:54","11610"
"A1MJHGH55K3O0","cs_wg_v4_pilot1","31LVTDXBL7B8UPIY5GOF1SJ6BJXRL3","FOOTBALL","6","0","8","2017-03-24 18:08:54","11611"
"A1MJHGH55K3O0","cs_wg_v4_pilot1","31LVTDXBL7B8UPIY5GOF1SJ6BJXRL3","DOORWAY","7","1","8","2017-03-24 18:08:54","11612"
"A1MJHGH55K3O0","cs_wg_v4_pilot1","31LVTDXBL7B8UPIY5GOF1SJ6BJXRL3","KEYBOARD","12","8","8","2017-03-24 18:08:54","11613"
"A1MJHGH55K3O0","cs_wg_v4_pilot1","31LVTDXBL7B8UPIY5GOF1SJ6BJXRL3","HELICOPTER","8","10","8","2017-03-24 18:08:54","11614"
"A1MJHGH55K3O0","cs_wg_v4_pilot1","31LVTDXBL7B8UPIY5GOF1SJ6BJXRL3","TRAFFIC","9","1","8","2017-03-24 18:08:54","11615"
"A1MJHGH55K3O0","cs_wg_v4_pilot1","31LVTDXBL7B8UPIY5GOF1SJ6BJXRL3","MACHINE","11","0","8","2017-03-24 18:08:54","11616"
"A1MJHGH55K3O0","cs_wg_v4_pilot1","31LVTDXBL7B8UPIY5GOF1SJ6BJXRL3","STRUCTURE","10","9","8","2017-03-24 18:08:54","11617"
"A1MJHGH55K3O0","cs_wg_v4_pilot1","31LVTDXBL7B8UPIY5GOF1SJ6BJXRL3","BASKET","13","0","8","2017-03-24 18:08:54","11618"
"AAASQIW3J32OL","cs_wg_v4_pilot1","3BF51CHDTVBI8ZF9KIQ2P4PCLCOH0N","BOOKSHELF","4","1","8","2017-03-24 18:15:20","11619"
"AAASQIW3J32OL","cs_wg_v4_pilot1","3BF51CHDTVBI8ZF9KIQ2P4PCLCOH0N","COMMUNITY","3","0","8","2017-03-24 18:15:20","11620"
"AAASQIW3J32OL","cs_wg_v4_pilot1","3BF51CHDTVBI8ZF9KIQ2P4PCLCOH0N","UMBRELLA","5","0","8","2017-03-24 18:15:20","11621"
"AAASQIW3J32OL","cs_wg_v4_pilot1","3BF51CHDTVBI8ZF9KIQ2P4PCLCOH0N","WEDDING","0","1","8","2017-03-24 18:15:20","11622"
"AAASQIW3J32OL","cs_wg_v4_pilot1","3BF51CHDTVBI8ZF9KIQ2P4PCLCOH0N","LADDER","2","9","8","2017-03-24 18:15:20","11623"
"AAASQIW3J32OL","cs_wg_v4_pilot1","3BF51CHDTVBI8ZF9KIQ2P4PCLCOH0N","STOMACH","1","8","8","2017-03-24 18:15:20","11624"
"AAASQIW3J32OL","cs_wg_v4_pilot1","3BF51CHDTVBI8ZF9KIQ2P4PCLCOH0N","FOOTBALL","6","2","8","2017-03-24 18:15:20","11625"
"AAASQIW3J32OL","cs_wg_v4_pilot1","3BF51CHDTVBI8ZF9KIQ2P4PCLCOH0N","STRUCTURE","10","0","8","2017-03-24 18:15:20","11626"
"AAASQIW3J32OL","cs_wg_v4_pilot1","3BF51CHDTVBI8ZF9KIQ2P4PCLCOH0N","DOORWAY","7","8","8","2017-03-24 18:15:20","11627"
"AAASQIW3J32OL","cs_wg_v4_pilot1","3BF51CHDTVBI8ZF9KIQ2P4PCLCOH0N","HELICOPTER","8","10","8","2017-03-24 18:15:20","11628"
"AAASQIW3J32OL","cs_wg_v4_pilot1","3BF51CHDTVBI8ZF9KIQ2P4PCLCOH0N","TRAFFIC","9","10","8","2017-03-24 18:15:21","11629"
"AAASQIW3J32OL","cs_wg_v4_pilot1","3BF51CHDTVBI8ZF9KIQ2P4PCLCOH0N","MACHINE","11","2","8","2017-03-24 18:15:21","11630"
"AAASQIW3J32OL","cs_wg_v4_pilot1","3BF51CHDTVBI8ZF9KIQ2P4PCLCOH0N","KEYBOARD","12","10","8","2017-03-24 18:15:21","11631"
"AAASQIW3J32OL","cs_wg_v4_pilot1","3BF51CHDTVBI8ZF9KIQ2P4PCLCOH0N","BASKET","13","9","8","2017-03-24 18:15:21","11632"
"A1ME089VLGOBBI","cs_wg_v4_pilot1","38YMOXR4MU0VJ0WDH6SJZ89QD3NW63","WEDDING","0","9","8","2017-03-24 18:44:17","11633"
"A1ME089VLGOBBI","cs_wg_v4_pilot1","38YMOXR4MU0VJ0WDH6SJZ89QD3NW63","STOMACH","1","10","8","2017-03-24 18:44:17","11634"
"A1ME089VLGOBBI","cs_wg_v4_pilot1","38YMOXR4MU0VJ0WDH6SJZ89QD3NW63","LADDER","2","2","8","2017-03-24 18:44:17","11635"
"A1ME089VLGOBBI","cs_wg_v4_pilot1","38YMOXR4MU0VJ0WDH6SJZ89QD3NW63","COMMUNITY","3","1","8","2017-03-24 18:44:17","11636"
"A1ME089VLGOBBI","cs_wg_v4_pilot1","38YMOXR4MU0VJ0WDH6SJZ89QD3NW63","BOOKSHELF","4","10","8","2017-03-24 18:44:17","11637"
"A1ME089VLGOBBI","cs_wg_v4_pilot1","38YMOXR4MU0VJ0WDH6SJZ89QD3NW63","UMBRELLA","5","9","8","2017-03-24 18:44:17","11638"
"A1ME089VLGOBBI","cs_wg_v4_pilot1","38YMOXR4MU0VJ0WDH6SJZ89QD3NW63","FOOTBALL","6","8","8","2017-03-24 18:44:17","11639"
"A1ME089VLGOBBI","cs_wg_v4_pilot1","38YMOXR4MU0VJ0WDH6SJZ89QD3NW63","HELICOPTER","8","0","8","2017-03-24 18:44:17","11640"
"A1ME089VLGOBBI","cs_wg_v4_pilot1","38YMOXR4MU0VJ0WDH6SJZ89QD3NW63","DOORWAY","7","0","8","2017-03-24 18:44:17","11641"
"A1ME089VLGOBBI","cs_wg_v4_pilot1","38YMOXR4MU0VJ0WDH6SJZ89QD3NW63","TRAFFIC","9","1","8","2017-03-24 18:44:17","11642"
"A1ME089VLGOBBI","cs_wg_v4_pilot1","38YMOXR4MU0VJ0WDH6SJZ89QD3NW63","STRUCTURE","10","2","8","2017-03-24 18:44:17","11643"
"A1ME089VLGOBBI","cs_wg_v4_pilot1","38YMOXR4MU0VJ0WDH6SJZ89QD3NW63","MACHINE","11","0","8","2017-03-24 18:44:17","11644"
"A1ME089VLGOBBI","cs_wg_v4_pilot1","38YMOXR4MU0VJ0WDH6SJZ89QD3NW63","KEYBOARD","12","10","8","2017-03-24 18:44:17","11645"
"A1ME089VLGOBBI","cs_wg_v4_pilot1","38YMOXR4MU0VJ0WDH6SJZ89QD3NW63","BASKET","13","8","8","2017-03-24 18:44:18","11646"
"A1WYDO7PQJ8UG","cs_wg_v4_pilot1","3BF51CHDTVBI8ZF9KIQ2P4PCLCOH0N","WEDDING","0","10","8","2017-03-24 18:57:35","11647"
"A1WYDO7PQJ8UG","cs_wg_v4_pilot1","3BF51CHDTVBI8ZF9KIQ2P4PCLCOH0N","STOMACH","1","10","8","2017-03-24 18:57:35","11648"
"A1WYDO7PQJ8UG","cs_wg_v4_pilot1","3BF51CHDTVBI8ZF9KIQ2P4PCLCOH0N","LADDER","2","2","8","2017-03-24 18:57:35","11649"
"A1WYDO7PQJ8UG","cs_wg_v4_pilot1","3BF51CHDTVBI8ZF9KIQ2P4PCLCOH0N","BOOKSHELF","4","1","8","2017-03-24 18:57:35","11650"
"A1WYDO7PQJ8UG","cs_wg_v4_pilot1","3BF51CHDTVBI8ZF9KIQ2P4PCLCOH0N","COMMUNITY","3","0","8","2017-03-24 18:57:35","11651"
"A1WYDO7PQJ8UG","cs_wg_v4_pilot1","3BF51CHDTVBI8ZF9KIQ2P4PCLCOH0N","UMBRELLA","5","0","8","2017-03-24 18:57:35","11652"
"A1WYDO7PQJ8UG","cs_wg_v4_pilot1","3BF51CHDTVBI8ZF9KIQ2P4PCLCOH0N","FOOTBALL","6","8","8","2017-03-24 18:57:35","11653"
"A1WYDO7PQJ8UG","cs_wg_v4_pilot1","3BF51CHDTVBI8ZF9KIQ2P4PCLCOH0N","DOORWAY","7","9","8","2017-03-24 18:57:35","11654"
"A1WYDO7PQJ8UG","cs_wg_v4_pilot1","3BF51CHDTVBI8ZF9KIQ2P4PCLCOH0N","TRAFFIC","9","9","8","2017-03-24 18:57:35","11655"
"A1WYDO7PQJ8UG","cs_wg_v4_pilot1","3BF51CHDTVBI8ZF9KIQ2P4PCLCOH0N","HELICOPTER","8","1","8","2017-03-24 18:57:35","11656"
"A1WYDO7PQJ8UG","cs_wg_v4_pilot1","3BF51CHDTVBI8ZF9KIQ2P4PCLCOH0N","MACHINE","11","0","8","2017-03-24 18:57:35","11657"
"A1WYDO7PQJ8UG","cs_wg_v4_pilot1","3BF51CHDTVBI8ZF9KIQ2P4PCLCOH0N","STRUCTURE","10","10","8","2017-03-24 18:57:35","11658"
"A1WYDO7PQJ8UG","cs_wg_v4_pilot1","3BF51CHDTVBI8ZF9KIQ2P4PCLCOH0N","KEYBOARD","12","8","8","2017-03-24 18:57:35","11659"
"A1WYDO7PQJ8UG","cs_wg_v4_pilot1","3BF51CHDTVBI8ZF9KIQ2P4PCLCOH0N","BASKET","13","2","8","2017-03-24 18:57:35","11660"
"A1WYDO7PQJ8UG","cs_wg_v4_pilot1","3BF51CHDTVBI8ZF9KIQ2P4PCLCOH0N","LADDER","2","1","8","2017-03-24 19:01:13","11661"
"A1WYDO7PQJ8UG","cs_wg_v4_pilot1","3BF51CHDTVBI8ZF9KIQ2P4PCLCOH0N","BOOKSHELF","4","0","8","2017-03-24 19:01:13","11662"
"A1WYDO7PQJ8UG","cs_wg_v4_pilot1","3BF51CHDTVBI8ZF9KIQ2P4PCLCOH0N","WEDDING","0","0","8","2017-03-24 19:01:13","11663"
"A1WYDO7PQJ8UG","cs_wg_v4_pilot1","3BF51CHDTVBI8ZF9KIQ2P4PCLCOH0N","STOMACH","1","9","8","2017-03-24 19:01:13","11665"
"A1WYDO7PQJ8UG","cs_wg_v4_pilot1","3BF51CHDTVBI8ZF9KIQ2P4PCLCOH0N","COMMUNITY","3","9","8","2017-03-24 19:01:13","11664"
"A1WYDO7PQJ8UG","cs_wg_v4_pilot1","3BF51CHDTVBI8ZF9KIQ2P4PCLCOH0N","UMBRELLA","5","10","8","2017-03-24 19:01:13","11666"
"A1WYDO7PQJ8UG","cs_wg_v4_pilot1","3BF51CHDTVBI8ZF9KIQ2P4PCLCOH0N","FOOTBALL","6","2","8","2017-03-24 19:01:13","11667"
"A1WYDO7PQJ8UG","cs_wg_v4_pilot1","3BF51CHDTVBI8ZF9KIQ2P4PCLCOH0N","DOORWAY","7","2","8","2017-03-24 19:01:13","11668"
"A1WYDO7PQJ8UG","cs_wg_v4_pilot1","3BF51CHDTVBI8ZF9KIQ2P4PCLCOH0N","TRAFFIC","9","1","8","2017-03-24 19:01:13","11669"
"A1WYDO7PQJ8UG","cs_wg_v4_pilot1","3BF51CHDTVBI8ZF9KIQ2P4PCLCOH0N","MACHINE","11","10","8","2017-03-24 19:01:13","11670"
"A1WYDO7PQJ8UG","cs_wg_v4_pilot1","3BF51CHDTVBI8ZF9KIQ2P4PCLCOH0N","HELICOPTER","8","10","8","2017-03-24 19:01:13","11671"
"A1WYDO7PQJ8UG","cs_wg_v4_pilot1","3BF51CHDTVBI8ZF9KIQ2P4PCLCOH0N","STRUCTURE","10","0","8","2017-03-24 19:01:13","11672"
"A1WYDO7PQJ8UG","cs_wg_v4_pilot1","3BF51CHDTVBI8ZF9KIQ2P4PCLCOH0N","KEYBOARD","12","8","8","2017-03-24 19:01:13","11673"
"A1WYDO7PQJ8UG","cs_wg_v4_pilot1","3BF51CHDTVBI8ZF9KIQ2P4PCLCOH0N","BASKET","13","8","8","2017-03-24 19:01:13","11674"
"A1WYDO7PQJ8UG","cs_wg_v4_pilot1","3BF51CHDTVBI8ZF9KIQ2P4PCLCOH0N","LADDER","2","2","8","2017-03-24 19:34:23","11717"
"A1WYDO7PQJ8UG","cs_wg_v4_pilot1","3BF51CHDTVBI8ZF9KIQ2P4PCLCOH0N","UMBRELLA","5","0","8","2017-03-24 19:34:23","11718"
"A1WYDO7PQJ8UG","cs_wg_v4_pilot1","3BF51CHDTVBI8ZF9KIQ2P4PCLCOH0N","COMMUNITY","3","8","8","2017-03-24 19:34:23","11719"
"A1WYDO7PQJ8UG","cs_wg_v4_pilot1","3BF51CHDTVBI8ZF9KIQ2P4PCLCOH0N","WEDDING","0","0","8","2017-03-24 19:34:23","11720"
"A1WYDO7PQJ8UG","cs_wg_v4_pilot1","3BF51CHDTVBI8ZF9KIQ2P4PCLCOH0N","STOMACH","1","10","8","2017-03-24 19:34:23","11721"
"A1WYDO7PQJ8UG","cs_wg_v4_pilot1","3BF51CHDTVBI8ZF9KIQ2P4PCLCOH0N","BOOKSHELF","4","9","8","2017-03-24 19:34:23","11722"
"A1WYDO7PQJ8UG","cs_wg_v4_pilot1","3BF51CHDTVBI8ZF9KIQ2P4PCLCOH0N","DOORWAY","7","1","8","2017-03-24 19:34:23","11723"
"A1WYDO7PQJ8UG","cs_wg_v4_pilot1","3BF51CHDTVBI8ZF9KIQ2P4PCLCOH0N","FOOTBALL","6","8","8","2017-03-24 19:34:23","11724"
"A1WYDO7PQJ8UG","cs_wg_v4_pilot1","3BF51CHDTVBI8ZF9KIQ2P4PCLCOH0N","STRUCTURE","10","10","8","2017-03-24 19:34:23","11725"
"A1WYDO7PQJ8UG","cs_wg_v4_pilot1","3BF51CHDTVBI8ZF9KIQ2P4PCLCOH0N","HELICOPTER","8","2","8","2017-03-24 19:34:23","11726"
"A1WYDO7PQJ8UG","cs_wg_v4_pilot1","3BF51CHDTVBI8ZF9KIQ2P4PCLCOH0N","TRAFFIC","9","9","8","2017-03-24 19:34:23","11727"
"A1WYDO7PQJ8UG","cs_wg_v4_pilot1","3BF51CHDTVBI8ZF9KIQ2P4PCLCOH0N","MACHINE","11","1","8","2017-03-24 19:34:23","11728"
"A1WYDO7PQJ8UG","cs_wg_v4_pilot1","3BF51CHDTVBI8ZF9KIQ2P4PCLCOH0N","KEYBOARD","12","0","8","2017-03-24 19:34:23","11729"
"A1WYDO7PQJ8UG","cs_wg_v4_pilot1","3BF51CHDTVBI8ZF9KIQ2P4PCLCOH0N","BASKET","13","10","8","2017-03-24 19:34:23","11730"
"A8RDXT4ZILHQT","cs_wg_v4_pilot1","3W2LOLRXLBGXAJ0GKGCEMS6RMJSRK0","STOMACH","1","8","8","2017-03-24 19:38:59","11731"
"A8RDXT4ZILHQT","cs_wg_v4_pilot1","3W2LOLRXLBGXAJ0GKGCEMS6RMJSRK0","BOOKSHELF","4","9","8","2017-03-24 19:38:59","11732"
"A8RDXT4ZILHQT","cs_wg_v4_pilot1","3W2LOLRXLBGXAJ0GKGCEMS6RMJSRK0","WEDDING","0","1","8","2017-03-24 19:38:59","11733"
"A8RDXT4ZILHQT","cs_wg_v4_pilot1","3W2LOLRXLBGXAJ0GKGCEMS6RMJSRK0","LADDER","2","8","8","2017-03-24 19:38:59","11734"
"A8RDXT4ZILHQT","cs_wg_v4_pilot1","3W2LOLRXLBGXAJ0GKGCEMS6RMJSRK0","COMMUNITY","3","2","8","2017-03-24 19:38:59","11735"
"A8RDXT4ZILHQT","cs_wg_v4_pilot1","3W2LOLRXLBGXAJ0GKGCEMS6RMJSRK0","UMBRELLA","5","9","8","2017-03-24 19:38:59","11736"
"A8RDXT4ZILHQT","cs_wg_v4_pilot1","3W2LOLRXLBGXAJ0GKGCEMS6RMJSRK0","FOOTBALL","6","0","8","2017-03-24 19:39:00","11737"
"A8RDXT4ZILHQT","cs_wg_v4_pilot1","3W2LOLRXLBGXAJ0GKGCEMS6RMJSRK0","MACHINE","11","10","8","2017-03-24 19:39:00","11738"
"A8RDXT4ZILHQT","cs_wg_v4_pilot1","3W2LOLRXLBGXAJ0GKGCEMS6RMJSRK0","HELICOPTER","8","0","8","2017-03-24 19:39:00","11739"
"A8RDXT4ZILHQT","cs_wg_v4_pilot1","3W2LOLRXLBGXAJ0GKGCEMS6RMJSRK0","DOORWAY","7","2","8","2017-03-24 19:39:00","11740"
"A8RDXT4ZILHQT","cs_wg_v4_pilot1","3W2LOLRXLBGXAJ0GKGCEMS6RMJSRK0","TRAFFIC","9","0","8","2017-03-24 19:39:00","11741"
"A8RDXT4ZILHQT","cs_wg_v4_pilot1","3W2LOLRXLBGXAJ0GKGCEMS6RMJSRK0","STRUCTURE","10","10","8","2017-03-24 19:39:00","11742"
"A8RDXT4ZILHQT","cs_wg_v4_pilot1","3W2LOLRXLBGXAJ0GKGCEMS6RMJSRK0","KEYBOARD","12","1","8","2017-03-24 19:39:00","11743"
"A8RDXT4ZILHQT","cs_wg_v4_pilot1","3W2LOLRXLBGXAJ0GKGCEMS6RMJSRK0","BASKET","13","10","8","2017-03-24 19:39:00","11744"
"A1V2H0UF94ATWY
","cs_wg_v4_pilot1","31LVTDXBL7B8UPIY5GOF1SJ6BJXRL3","STOMACH","1","8","8","2017-03-24 20:25:56","11745"
"A1V2H0UF94ATWY
","cs_wg_v4_pilot1","31LVTDXBL7B8UPIY5GOF1SJ6BJXRL3","LADDER","2","10","8","2017-03-24 20:25:56","11746"
"A1V2H0UF94ATWY
","cs_wg_v4_pilot1","31LVTDXBL7B8UPIY5GOF1SJ6BJXRL3","WEDDING","0","10","8","2017-03-24 20:25:56","11747"
"A1V2H0UF94ATWY
","cs_wg_v4_pilot1","31LVTDXBL7B8UPIY5GOF1SJ6BJXRL3","COMMUNITY","3","1","8","2017-03-24 20:25:56","11748"
"A1V2H0UF94ATWY
","cs_wg_v4_pilot1","31LVTDXBL7B8UPIY5GOF1SJ6BJXRL3","UMBRELLA","5","2","8","2017-03-24 20:25:56","11749"
"A1V2H0UF94ATWY
","cs_wg_v4_pilot1","31LVTDXBL7B8UPIY5GOF1SJ6BJXRL3","BOOKSHELF","4","10","8","2017-03-24 20:25:56","11750"
"A1V2H0UF94ATWY
","cs_wg_v4_pilot1","31LVTDXBL7B8UPIY5GOF1SJ6BJXRL3","FOOTBALL","6","9","8","2017-03-24 20:25:56","11751"
"A1V2H0UF94ATWY
","cs_wg_v4_pilot1","31LVTDXBL7B8UPIY5GOF1SJ6BJXRL3","DOORWAY","7","1","8","2017-03-24 20:25:57","11752"
"A1V2H0UF94ATWY
","cs_wg_v4_pilot1","31LVTDXBL7B8UPIY5GOF1SJ6BJXRL3","HELICOPTER","8","9","8","2017-03-24 20:25:57","11753"
"A1V2H0UF94ATWY
","cs_wg_v4_pilot1","31LVTDXBL7B8UPIY5GOF1SJ6BJXRL3","STRUCTURE","10","0","8","2017-03-24 20:25:57","11754"
"A1V2H0UF94ATWY
","cs_wg_v4_pilot1","31LVTDXBL7B8UPIY5GOF1SJ6BJXRL3","TRAFFIC","9","2","8","2017-03-24 20:25:57","11755"
"A1V2H0UF94ATWY
","cs_wg_v4_pilot1","31LVTDXBL7B8UPIY5GOF1SJ6BJXRL3","MACHINE","11","0","8","2017-03-24 20:25:57","11756"
"A1V2H0UF94ATWY
","cs_wg_v4_pilot1","31LVTDXBL7B8UPIY5GOF1SJ6BJXRL3","KEYBOARD","12","0","8","2017-03-24 20:25:57","11757"
"A1V2H0UF94ATWY
","cs_wg_v4_pilot1","31LVTDXBL7B8UPIY5GOF1SJ6BJXRL3","BASKET","13","8","8","2017-03-24 20:25:57","11758"
"A2G30CUMM6UXG5","cs_wg_v4_pilot1","39DD6S19JPC3QAUXYBVOA0VLB3FEZW","COMMUNITY","3","1","8","2017-03-24 20:42:24","11759"
"A2G30CUMM6UXG5","cs_wg_v4_pilot1","39DD6S19JPC3QAUXYBVOA0VLB3FEZW","LADDER","2","8","8","2017-03-24 20:42:24","11760"
"A2G30CUMM6UXG5","cs_wg_v4_pilot1","39DD6S19JPC3QAUXYBVOA0VLB3FEZW","STOMACH","1","0","8","2017-03-24 20:42:24","11761"
"A2G30CUMM6UXG5","cs_wg_v4_pilot1","39DD6S19JPC3QAUXYBVOA0VLB3FEZW","UMBRELLA","5","0","8","2017-03-24 20:42:24","11762"
"A2G30CUMM6UXG5","cs_wg_v4_pilot1","39DD6S19JPC3QAUXYBVOA0VLB3FEZW","WEDDING","0","2","8","2017-03-24 20:42:24","11763"
"A2G30CUMM6UXG5","cs_wg_v4_pilot1","39DD6S19JPC3QAUXYBVOA0VLB3FEZW","BOOKSHELF","4","10","8","2017-03-24 20:42:24","11764"
"A2G30CUMM6UXG5","cs_wg_v4_pilot1","39DD6S19JPC3QAUXYBVOA0VLB3FEZW","FOOTBALL","6","9","8","2017-03-24 20:42:24","11765"
"A2G30CUMM6UXG5","cs_wg_v4_pilot1","39DD6S19JPC3QAUXYBVOA0VLB3FEZW","HELICOPTER","8","10","8","2017-03-24 20:42:24","11766"
"A2G30CUMM6UXG5","cs_wg_v4_pilot1","39DD6S19JPC3QAUXYBVOA0VLB3FEZW","DOORWAY","7","8","8","2017-03-24 20:42:24","11767"
"A2G30CUMM6UXG5","cs_wg_v4_pilot1","39DD6S19JPC3QAUXYBVOA0VLB3FEZW","MACHINE","11","0","8","2017-03-24 20:42:24","11768"
"A2G30CUMM6UXG5","cs_wg_v4_pilot1","39DD6S19JPC3QAUXYBVOA0VLB3FEZW","TRAFFIC","9","10","8","2017-03-24 20:42:24","11769"
"A2G30CUMM6UXG5","cs_wg_v4_pilot1","39DD6S19JPC3QAUXYBVOA0VLB3FEZW","STRUCTURE","10","1","8","2017-03-24 20:42:24","11770"
"A2G30CUMM6UXG5","cs_wg_v4_pilot1","39DD6S19JPC3QAUXYBVOA0VLB3FEZW","KEYBOARD","12","9","8","2017-03-24 20:42:24","11771"
"A2G30CUMM6UXG5","cs_wg_v4_pilot1","39DD6S19JPC3QAUXYBVOA0VLB3FEZW","BASKET","13","2","8","2017-03-24 20:42:24","11772"
"A2CYD8QD1JO0O5","cs_wg_v4_pilot1","3ZV9H2YQQD8WMH9VY4ULS5X63CLW3X","WEDDING","0","10","8","2017-03-24 21:38:30","11773"
"A2CYD8QD1JO0O5","cs_wg_v4_pilot1","3ZV9H2YQQD8WMH9VY4ULS5X63CLW3X","LADDER","2","10","8","2017-03-24 21:38:30","11774"
"A2CYD8QD1JO0O5","cs_wg_v4_pilot1","3ZV9H2YQQD8WMH9VY4ULS5X63CLW3X","STOMACH","1","0","8","2017-03-24 21:38:30","11775"
"A2CYD8QD1JO0O5","cs_wg_v4_pilot1","3ZV9H2YQQD8WMH9VY4ULS5X63CLW3X","UMBRELLA","5","1","8","2017-03-24 21:38:30","11776"
"A2CYD8QD1JO0O5","cs_wg_v4_pilot1","3ZV9H2YQQD8WMH9VY4ULS5X63CLW3X","BOOKSHELF","4","8","8","2017-03-24 21:38:30","11777"
"A2CYD8QD1JO0O5","cs_wg_v4_pilot1","3ZV9H2YQQD8WMH9VY4ULS5X63CLW3X","COMMUNITY","3","9","8","2017-03-24 21:38:30","11778"
"A2CYD8QD1JO0O5","cs_wg_v4_pilot1","3ZV9H2YQQD8WMH9VY4ULS5X63CLW3X","FOOTBALL","6","10","8","2017-03-24 21:38:30","11779"
"A2CYD8QD1JO0O5","cs_wg_v4_pilot1","3ZV9H2YQQD8WMH9VY4ULS5X63CLW3X","DOORWAY","7","2","8","2017-03-24 21:38:30","11780"
"A2CYD8QD1JO0O5","cs_wg_v4_pilot1","3ZV9H2YQQD8WMH9VY4ULS5X63CLW3X","HELICOPTER","8","2","8","2017-03-24 21:38:30","11781"
"A2CYD8QD1JO0O5","cs_wg_v4_pilot1","3ZV9H2YQQD8WMH9VY4ULS5X63CLW3X","STRUCTURE","10","0","8","2017-03-24 21:38:30","11782"
"A2CYD8QD1JO0O5","cs_wg_v4_pilot1","3ZV9H2YQQD8WMH9VY4ULS5X63CLW3X","MACHINE","11","1","8","2017-03-24 21:38:30","11783"
"A2CYD8QD1JO0O5","cs_wg_v4_pilot1","3ZV9H2YQQD8WMH9VY4ULS5X63CLW3X","TRAFFIC","9","9","8","2017-03-24 21:38:30","11784"
"A2CYD8QD1JO0O5","cs_wg_v4_pilot1","3ZV9H2YQQD8WMH9VY4ULS5X63CLW3X","KEYBOARD","12","0","8","2017-03-24 21:38:30","11785"
"A2CYD8QD1JO0O5","cs_wg_v4_pilot1","3ZV9H2YQQD8WMH9VY4ULS5X63CLW3X","BASKET","13","8","8","2017-03-24 21:38:30","11786"
"A2EOOF9D135HQ1","cs_wg_v4_pilot1","3ZV9H2YQQD8WMH9VY4ULS5X63CLW3X","LADDER","2","8","8","2017-03-24 22:13:50","11787"
"A2EOOF9D135HQ1","cs_wg_v4_pilot1","3ZV9H2YQQD8WMH9VY4ULS5X63CLW3X","STOMACH","1","8","8","2017-03-24 22:13:50","11788"
"A2EOOF9D135HQ1","cs_wg_v4_pilot1","3ZV9H2YQQD8WMH9VY4ULS5X63CLW3X","COMMUNITY","3","0","8","2017-03-24 22:13:50","11790"
"A2EOOF9D135HQ1","cs_wg_v4_pilot1","3ZV9H2YQQD8WMH9VY4ULS5X63CLW3X","WEDDING","0","1","8","2017-03-24 22:13:50","11789"
"A2EOOF9D135HQ1","cs_wg_v4_pilot1","3ZV9H2YQQD8WMH9VY4ULS5X63CLW3X","BOOKSHELF","4","10","8","2017-03-24 22:13:50","11791"
"A2EOOF9D135HQ1","cs_wg_v4_pilot1","3ZV9H2YQQD8WMH9VY4ULS5X63CLW3X","UMBRELLA","5","0","8","2017-03-24 22:13:50","11792"
"A2EOOF9D135HQ1","cs_wg_v4_pilot1","3ZV9H2YQQD8WMH9VY4ULS5X63CLW3X","FOOTBALL","6","2","8","2017-03-24 22:13:50","11793"
"A2EOOF9D135HQ1","cs_wg_v4_pilot1","3ZV9H2YQQD8WMH9VY4ULS5X63CLW3X","HELICOPTER","8","1","8","2017-03-24 22:13:50","11794"
"A2EOOF9D135HQ1","cs_wg_v4_pilot1","3ZV9H2YQQD8WMH9VY4ULS5X63CLW3X","DOORWAY","7","9","8","2017-03-24 22:13:50","11795"
"A2EOOF9D135HQ1","cs_wg_v4_pilot1","3ZV9H2YQQD8WMH9VY4ULS5X63CLW3X","STRUCTURE","10","2","8","2017-03-24 22:13:50","11796"
"A2EOOF9D135HQ1","cs_wg_v4_pilot1","3ZV9H2YQQD8WMH9VY4ULS5X63CLW3X","MACHINE","11","10","8","2017-03-24 22:13:50","11797"
"A2EOOF9D135HQ1","cs_wg_v4_pilot1","3ZV9H2YQQD8WMH9VY4ULS5X63CLW3X","TRAFFIC","9","10","8","2017-03-24 22:13:50","11798"
"A2EOOF9D135HQ1","cs_wg_v4_pilot1","3ZV9H2YQQD8WMH9VY4ULS5X63CLW3X","KEYBOARD","12","0","8","2017-03-24 22:13:50","11799"
"A2EOOF9D135HQ1","cs_wg_v4_pilot1","3ZV9H2YQQD8WMH9VY4ULS5X63CLW3X","BASKET","13","9","8","2017-03-24 22:13:50","11800"
"A1KN3TP3P2NJHC","cs_wg_v4_pilot1","39DD6S19JPC3QAUXYBVOA0VLB3FEZW","WEDDING","0","0","8","2017-03-24 22:47:23","11801"
"A1KN3TP3P2NJHC","cs_wg_v4_pilot1","39DD6S19JPC3QAUXYBVOA0VLB3FEZW","UMBRELLA","5","0","8","2017-03-24 22:47:23","11802"
"A1KN3TP3P2NJHC","cs_wg_v4_pilot1","39DD6S19JPC3QAUXYBVOA0VLB3FEZW","LADDER","2","9","8","2017-03-24 22:47:23","11804"
"A1KN3TP3P2NJHC","cs_wg_v4_pilot1","39DD6S19JPC3QAUXYBVOA0VLB3FEZW","STOMACH","1","10","8","2017-03-24 22:47:23","11805"
"A1KN3TP3P2NJHC","cs_wg_v4_pilot1","39DD6S19JPC3QAUXYBVOA0VLB3FEZW","BOOKSHELF","4","8","8","2017-03-24 22:47:23","11803"
"A1KN3TP3P2NJHC","cs_wg_v4_pilot1","39DD6S19JPC3QAUXYBVOA0VLB3FEZW","COMMUNITY","3","8","8","2017-03-24 22:47:23","11806"
"A1KN3TP3P2NJHC","cs_wg_v4_pilot1","39DD6S19JPC3QAUXYBVOA0VLB3FEZW","FOOTBALL","6","1","8","2017-03-24 22:47:23","11807"
"A1KN3TP3P2NJHC","cs_wg_v4_pilot1","39DD6S19JPC3QAUXYBVOA0VLB3FEZW","DOORWAY","7","9","8","2017-03-24 22:47:23","11808"
"A1KN3TP3P2NJHC","cs_wg_v4_pilot1","39DD6S19JPC3QAUXYBVOA0VLB3FEZW","HELICOPTER","8","0","8","2017-03-24 22:47:23","11809"
"A1KN3TP3P2NJHC","cs_wg_v4_pilot1","39DD6S19JPC3QAUXYBVOA0VLB3FEZW","MACHINE","11","2","8","2017-03-24 22:47:23","11810"
"A1KN3TP3P2NJHC","cs_wg_v4_pilot1","39DD6S19JPC3QAUXYBVOA0VLB3FEZW","TRAFFIC","9","2","8","2017-03-24 22:47:23","11811"
"A1KN3TP3P2NJHC","cs_wg_v4_pilot1","39DD6S19JPC3QAUXYBVOA0VLB3FEZW","STRUCTURE","10","1","8","2017-03-24 22:47:23","11812"
"A1KN3TP3P2NJHC","cs_wg_v4_pilot1","39DD6S19JPC3QAUXYBVOA0VLB3FEZW","KEYBOARD","12","10","8","2017-03-24 22:47:23","11813"
"A1KN3TP3P2NJHC","cs_wg_v4_pilot1","39DD6S19JPC3QAUXYBVOA0VLB3FEZW","BASKET","13","10","8","2017-03-24 22:47:23","11814"
"AC8IEBY696VJO","cs_wg_v4_pilot1","39DD6S19JPC3QAUXYBVOA0VLB3FEZW","WEDDING","0","10","8","2017-03-24 23:44:25","11815"
"AC8IEBY696VJO","cs_wg_v4_pilot1","39DD6S19JPC3QAUXYBVOA0VLB3FEZW","COMMUNITY","3","10","8","2017-03-24 23:44:25","11816"
"AC8IEBY696VJO","cs_wg_v4_pilot1","39DD6S19JPC3QAUXYBVOA0VLB3FEZW","UMBRELLA","5","1","8","2017-03-24 23:44:25","11817"
"AC8IEBY696VJO","cs_wg_v4_pilot1","39DD6S19JPC3QAUXYBVOA0VLB3FEZW","BOOKSHELF","4","0","8","2017-03-24 23:44:25","11818"
"AC8IEBY696VJO","cs_wg_v4_pilot1","39DD6S19JPC3QAUXYBVOA0VLB3FEZW","STOMACH","1","9","8","2017-03-24 23:44:25","11819"
"AC8IEBY696VJO","cs_wg_v4_pilot1","39DD6S19JPC3QAUXYBVOA0VLB3FEZW","LADDER","2","8","8","2017-03-24 23:44:25","11820"
"AC8IEBY696VJO","cs_wg_v4_pilot1","39DD6S19JPC3QAUXYBVOA0VLB3FEZW","FOOTBALL","6","0","8","2017-03-24 23:44:25","11821"
"AC8IEBY696VJO","cs_wg_v4_pilot1","39DD6S19JPC3QAUXYBVOA0VLB3FEZW","DOORWAY","7","9","8","2017-03-24 23:44:25","11822"
"AC8IEBY696VJO","cs_wg_v4_pilot1","39DD6S19JPC3QAUXYBVOA0VLB3FEZW","HELICOPTER","8","2","8","2017-03-24 23:44:25","11823"
"AC8IEBY696VJO","cs_wg_v4_pilot1","39DD6S19JPC3QAUXYBVOA0VLB3FEZW","MACHINE","11","8","8","2017-03-24 23:44:25","11824"
"AC8IEBY696VJO","cs_wg_v4_pilot1","39DD6S19JPC3QAUXYBVOA0VLB3FEZW","TRAFFIC","9","1","8","2017-03-24 23:44:25","11825"
"AC8IEBY696VJO","cs_wg_v4_pilot1","39DD6S19JPC3QAUXYBVOA0VLB3FEZW","STRUCTURE","10","10","8","2017-03-24 23:44:25","11826"
"AC8IEBY696VJO","cs_wg_v4_pilot1","39DD6S19JPC3QAUXYBVOA0VLB3FEZW","KEYBOARD","12","2","8","2017-03-24 23:44:25","11827"
"AC8IEBY696VJO","cs_wg_v4_pilot1","39DD6S19JPC3QAUXYBVOA0VLB3FEZW","BASKET","13","0","8","2017-03-24 23:44:25","11828"
"AHDBHMH3AY1V2","cs_wg_v4_pilot1","3ZV9H2YQQD8WMH9VY4ULS5X63CLW3X","WEDDING","0","1","8","2017-03-24 23:55:39","11829"
"AHDBHMH3AY1V2","cs_wg_v4_pilot1","3ZV9H2YQQD8WMH9VY4ULS5X63CLW3X","STOMACH","1","0","8","2017-03-24 23:55:39","11830"
"AHDBHMH3AY1V2","cs_wg_v4_pilot1","3ZV9H2YQQD8WMH9VY4ULS5X63CLW3X","COMMUNITY","3","8","8","2017-03-24 23:55:39","11831"
"AHDBHMH3AY1V2","cs_wg_v4_pilot1","3ZV9H2YQQD8WMH9VY4ULS5X63CLW3X","LADDER","2","2","8","2017-03-24 23:55:39","11832"
"AHDBHMH3AY1V2","cs_wg_v4_pilot1","3ZV9H2YQQD8WMH9VY4ULS5X63CLW3X","BOOKSHELF","4","9","8","2017-03-24 23:55:39","11833"
"AHDBHMH3AY1V2","cs_wg_v4_pilot1","3ZV9H2YQQD8WMH9VY4ULS5X63CLW3X","UMBRELLA","5","10","8","2017-03-24 23:55:39","11834"
"AHDBHMH3AY1V2","cs_wg_v4_pilot1","3ZV9H2YQQD8WMH9VY4ULS5X63CLW3X","FOOTBALL","6","0","8","2017-03-24 23:55:39","11835"
"AHDBHMH3AY1V2","cs_wg_v4_pilot1","3ZV9H2YQQD8WMH9VY4ULS5X63CLW3X","DOORWAY","7","2","8","2017-03-24 23:55:39","11836"
"AHDBHMH3AY1V2","cs_wg_v4_pilot1","3ZV9H2YQQD8WMH9VY4ULS5X63CLW3X","HELICOPTER","8","10","8","2017-03-24 23:55:39","11837"
"AHDBHMH3AY1V2","cs_wg_v4_pilot1","3ZV9H2YQQD8WMH9VY4ULS5X63CLW3X","TRAFFIC","9","10","8","2017-03-24 23:55:39","11838"
"AHDBHMH3AY1V2","cs_wg_v4_pilot1","3ZV9H2YQQD8WMH9VY4ULS5X63CLW3X","KEYBOARD","12","9","8","2017-03-24 23:55:39","11839"
"AHDBHMH3AY1V2","cs_wg_v4_pilot1","3ZV9H2YQQD8WMH9VY4ULS5X63CLW3X","STRUCTURE","10","0","8","2017-03-24 23:55:39","11840"
"AHDBHMH3AY1V2","cs_wg_v4_pilot1","3ZV9H2YQQD8WMH9VY4ULS5X63CLW3X","MACHINE","11","8","8","2017-03-24 23:55:39","11841"
"AHDBHMH3AY1V2","cs_wg_v4_pilot1","3ZV9H2YQQD8WMH9VY4ULS5X63CLW3X","BASKET","13","1","8","2017-03-24 23:55:39","11842"
