"subject","version","assignmentId","word","word_ind","s1_value","s2_value","exposures","stamp","id"
"A243H1RTE5GP","cs_wg_v7_pilot9","39KFRKBFINWPXBXHW3W115GZIOWOY1","RABIES","4","25","9","0","2018-05-25 15:54:13","57281"
"A243H1RTE5GP","cs_wg_v7_pilot9","39KFRKBFINWPXBXHW3W115GZIOWOY1","FILMMAKER","5","15","11","0","2018-05-25 15:54:13","57282"
"A243H1RTE5GP","cs_wg_v7_pilot9","39KFRKBFINWPXBXHW3W115GZIOWOY1","DOGSLED","1","20","12","0","2018-05-25 15:54:13","57283"
"A243H1RTE5GP","cs_wg_v7_pilot9","39KFRKBFINWPXBXHW3W115GZIOWOY1","MAILMAN","0","18","13","0","2018-05-25 15:54:13","57284"
"A243H1RTE5GP","cs_wg_v7_pilot9","39KFRKBFINWPXBXHW3W115GZIOWOY1","WEAPON","2","26","16","0","2018-05-25 15:54:13","57285"
"A243H1RTE5GP","cs_wg_v7_pilot9","39KFRKBFINWPXBXHW3W115GZIOWOY1","LIPSTICK","3","11","9","0","2018-05-25 15:54:13","57286"
"A243H1RTE5GP","cs_wg_v7_pilot9","39KFRKBFINWPXBXHW3W115GZIOWOY1","INFERNO","6","21","18","0","2018-05-25 15:54:13","57287"
"A243H1RTE5GP","cs_wg_v7_pilot9","39KFRKBFINWPXBXHW3W115GZIOWOY1","SMOKER","8","12","11","0","2018-05-25 15:54:13","57288"
"A243H1RTE5GP","cs_wg_v7_pilot9","39KFRKBFINWPXBXHW3W115GZIOWOY1","STEREOTYPE","7","22","25","0","2018-05-25 15:54:13","57289"
"A243H1RTE5GP","cs_wg_v7_pilot9","39KFRKBFINWPXBXHW3W115GZIOWOY1","UNHAPPY","9","19","16","0","2018-05-25 15:54:13","57290"
"A243H1RTE5GP","cs_wg_v7_pilot9","39KFRKBFINWPXBXHW3W115GZIOWOY1","POPCORN","10","11","15","0","2018-05-25 15:54:13","57291"
"A243H1RTE5GP","cs_wg_v7_pilot9","39KFRKBFINWPXBXHW3W115GZIOWOY1","GOLDEN","11","15","4","0","2018-05-25 15:54:13","57292"
"ADZ16EQ74XHJ7","cs_wg_v7_pilot9","3IX2EGZR7BK2ZZUY2VC2LD6GG77JRB","MAILMAN","0","9","14","0","2018-05-25 15:54:18","57293"
"ADZ16EQ74XHJ7","cs_wg_v7_pilot9","3IX2EGZR7BK2ZZUY2VC2LD6GG77JRB","DOGSLED","1","7","15","0","2018-05-25 15:54:18","57294"
"ADZ16EQ74XHJ7","cs_wg_v7_pilot9","3IX2EGZR7BK2ZZUY2VC2LD6GG77JRB","WEAPON","2","1","11","0","2018-05-25 15:54:18","57295"
"ADZ16EQ74XHJ7","cs_wg_v7_pilot9","3IX2EGZR7BK2ZZUY2VC2LD6GG77JRB","FILMMAKER","5","12","16","0","2018-05-25 15:54:18","57296"
"ADZ16EQ74XHJ7","cs_wg_v7_pilot9","3IX2EGZR7BK2ZZUY2VC2LD6GG77JRB","LIPSTICK","3","16","18","0","2018-05-25 15:54:18","57297"
"ADZ16EQ74XHJ7","cs_wg_v7_pilot9","3IX2EGZR7BK2ZZUY2VC2LD6GG77JRB","RABIES","4","2","18","0","2018-05-25 15:54:18","57298"
"ADZ16EQ74XHJ7","cs_wg_v7_pilot9","3IX2EGZR7BK2ZZUY2VC2LD6GG77JRB","STEREOTYPE","7","5","2","0","2018-05-25 15:54:18","57299"
"ADZ16EQ74XHJ7","cs_wg_v7_pilot9","3IX2EGZR7BK2ZZUY2VC2LD6GG77JRB","INFERNO","6","6","9","0","2018-05-25 15:54:18","57300"
"ADZ16EQ74XHJ7","cs_wg_v7_pilot9","3IX2EGZR7BK2ZZUY2VC2LD6GG77JRB","SMOKER","8","15","16","0","2018-05-25 15:54:18","57301"
"ADZ16EQ74XHJ7","cs_wg_v7_pilot9","3IX2EGZR7BK2ZZUY2VC2LD6GG77JRB","UNHAPPY","9","8","11","0","2018-05-25 15:54:18","57302"
"ADZ16EQ74XHJ7","cs_wg_v7_pilot9","3IX2EGZR7BK2ZZUY2VC2LD6GG77JRB","POPCORN","10","16","12","0","2018-05-25 15:54:18","57303"
"ADZ16EQ74XHJ7","cs_wg_v7_pilot9","3IX2EGZR7BK2ZZUY2VC2LD6GG77JRB","GOLDEN","11","12","23","0","2018-05-25 15:54:18","57304"
"AHGDYNKOKJWFJ","cs_wg_v7_pilot9","3LJ7UR74RHERHJJL6H8H6RCNXDSN40","MAILMAN","0","9","13","0","2018-05-25 15:54:20","57305"
"AHGDYNKOKJWFJ","cs_wg_v7_pilot9","3LJ7UR74RHERHJJL6H8H6RCNXDSN40","LIPSTICK","3","16","9","0","2018-05-25 15:54:20","57306"
"AHGDYNKOKJWFJ","cs_wg_v7_pilot9","3LJ7UR74RHERHJJL6H8H6RCNXDSN40","DOGSLED","1","7","12","0","2018-05-25 15:54:20","57307"
"AHGDYNKOKJWFJ","cs_wg_v7_pilot9","3LJ7UR74RHERHJJL6H8H6RCNXDSN40","FILMMAKER","5","12","11","0","2018-05-25 15:54:20","57308"
"AHGDYNKOKJWFJ","cs_wg_v7_pilot9","3LJ7UR74RHERHJJL6H8H6RCNXDSN40","WEAPON","2","1","16","0","2018-05-25 15:54:20","57309"
"AHGDYNKOKJWFJ","cs_wg_v7_pilot9","3LJ7UR74RHERHJJL6H8H6RCNXDSN40","RABIES","4","2","9","0","2018-05-25 15:54:20","57310"
"AHGDYNKOKJWFJ","cs_wg_v7_pilot9","3LJ7UR74RHERHJJL6H8H6RCNXDSN40","INFERNO","6","6","18","0","2018-05-25 15:54:20","57311"
"AHGDYNKOKJWFJ","cs_wg_v7_pilot9","3LJ7UR74RHERHJJL6H8H6RCNXDSN40","STEREOTYPE","7","5","25","0","2018-05-25 15:54:20","57312"
"AHGDYNKOKJWFJ","cs_wg_v7_pilot9","3LJ7UR74RHERHJJL6H8H6RCNXDSN40","POPCORN","10","16","15","0","2018-05-25 15:54:20","57313"
"AHGDYNKOKJWFJ","cs_wg_v7_pilot9","3LJ7UR74RHERHJJL6H8H6RCNXDSN40","SMOKER","8","15","11","0","2018-05-25 15:54:20","57314"
"AHGDYNKOKJWFJ","cs_wg_v7_pilot9","3LJ7UR74RHERHJJL6H8H6RCNXDSN40","GOLDEN","11","12","4","0","2018-05-25 15:54:20","57315"
"AHGDYNKOKJWFJ","cs_wg_v7_pilot9","3LJ7UR74RHERHJJL6H8H6RCNXDSN40","UNHAPPY","9","8","16","0","2018-05-25 15:54:20","57316"
"A2D4RUOUUAE91I","cs_wg_v7_pilot9","36PW28KO4ZX2P2MPMJFPT74EBVNEAD","DOGSLED","1","20","15","0","2018-05-25 15:54:20","57318"
"A2D4RUOUUAE91I","cs_wg_v7_pilot9","36PW28KO4ZX2P2MPMJFPT74EBVNEAD","LIPSTICK","3","11","18","0","2018-05-25 15:54:20","57317"
"A2D4RUOUUAE91I","cs_wg_v7_pilot9","36PW28KO4ZX2P2MPMJFPT74EBVNEAD","MAILMAN","0","18","14","0","2018-05-25 15:54:20","57319"
"A2D4RUOUUAE91I","cs_wg_v7_pilot9","36PW28KO4ZX2P2MPMJFPT74EBVNEAD","RABIES","4","25","18","0","2018-05-25 15:54:20","57320"
"A2D4RUOUUAE91I","cs_wg_v7_pilot9","36PW28KO4ZX2P2MPMJFPT74EBVNEAD","WEAPON","2","26","11","0","2018-05-25 15:54:20","57321"
"A2D4RUOUUAE91I","cs_wg_v7_pilot9","36PW28KO4ZX2P2MPMJFPT74EBVNEAD","FILMMAKER","5","15","16","0","2018-05-25 15:54:20","57322"
"A2D4RUOUUAE91I","cs_wg_v7_pilot9","36PW28KO4ZX2P2MPMJFPT74EBVNEAD","INFERNO","6","21","9","0","2018-05-25 15:54:20","57323"
"A2D4RUOUUAE91I","cs_wg_v7_pilot9","36PW28KO4ZX2P2MPMJFPT74EBVNEAD","POPCORN","10","11","12","0","2018-05-25 15:54:20","57324"
"A2D4RUOUUAE91I","cs_wg_v7_pilot9","36PW28KO4ZX2P2MPMJFPT74EBVNEAD","STEREOTYPE","7","22","2","0","2018-05-25 15:54:20","57325"
"A2D4RUOUUAE91I","cs_wg_v7_pilot9","36PW28KO4ZX2P2MPMJFPT74EBVNEAD","SMOKER","8","12","16","0","2018-05-25 15:54:20","57326"
"A2D4RUOUUAE91I","cs_wg_v7_pilot9","36PW28KO4ZX2P2MPMJFPT74EBVNEAD","UNHAPPY","9","19","11","0","2018-05-25 15:54:20","57327"
"A2D4RUOUUAE91I","cs_wg_v7_pilot9","36PW28KO4ZX2P2MPMJFPT74EBVNEAD","GOLDEN","11","15","23","0","2018-05-25 15:54:20","57328"
"A1187B8YT74YAJ","cs_wg_v7_pilot9","3PMBY0YE2749NLS6YMVU7OTRK1SC93","LIPSTICK","3","11","18","0","2018-05-25 15:54:23","57329"
"A1187B8YT74YAJ","cs_wg_v7_pilot9","3PMBY0YE2749NLS6YMVU7OTRK1SC93","RABIES","4","25","18","0","2018-05-25 15:54:23","57330"
"A1187B8YT74YAJ","cs_wg_v7_pilot9","3PMBY0YE2749NLS6YMVU7OTRK1SC93","DOGSLED","1","20","15","0","2018-05-25 15:54:23","57331"
"A1187B8YT74YAJ","cs_wg_v7_pilot9","3PMBY0YE2749NLS6YMVU7OTRK1SC93","WEAPON","2","26","11","0","2018-05-25 15:54:23","57332"
"A1187B8YT74YAJ","cs_wg_v7_pilot9","3PMBY0YE2749NLS6YMVU7OTRK1SC93","MAILMAN","0","18","14","0","2018-05-25 15:54:23","57333"
"A1187B8YT74YAJ","cs_wg_v7_pilot9","3PMBY0YE2749NLS6YMVU7OTRK1SC93","FILMMAKER","5","15","16","0","2018-05-25 15:54:23","57334"
"A1187B8YT74YAJ","cs_wg_v7_pilot9","3PMBY0YE2749NLS6YMVU7OTRK1SC93","INFERNO","6","21","9","0","2018-05-25 15:54:23","57335"
"A1187B8YT74YAJ","cs_wg_v7_pilot9","3PMBY0YE2749NLS6YMVU7OTRK1SC93","SMOKER","8","12","16","0","2018-05-25 15:54:23","57336"
"A1187B8YT74YAJ","cs_wg_v7_pilot9","3PMBY0YE2749NLS6YMVU7OTRK1SC93","STEREOTYPE","7","22","2","0","2018-05-25 15:54:23","57337"
"A1187B8YT74YAJ","cs_wg_v7_pilot9","3PMBY0YE2749NLS6YMVU7OTRK1SC93","POPCORN","10","11","12","0","2018-05-25 15:54:23","57338"
"A1187B8YT74YAJ","cs_wg_v7_pilot9","3PMBY0YE2749NLS6YMVU7OTRK1SC93","GOLDEN","11","15","23","0","2018-05-25 15:54:23","57339"
"A1187B8YT74YAJ","cs_wg_v7_pilot9","3PMBY0YE2749NLS6YMVU7OTRK1SC93","UNHAPPY","9","19","11","0","2018-05-25 15:54:23","57340"
"A10VQSMGPJFSMU","cs_wg_v7_pilot9","3LEIZ60CDJ0MVE3GQ0F2IMUCTJE9ZZ","MAILMAN","0","9","13","0","2018-05-25 15:54:34","57341"
"A10VQSMGPJFSMU","cs_wg_v7_pilot9","3LEIZ60CDJ0MVE3GQ0F2IMUCTJE9ZZ","RABIES","4","2","9","0","2018-05-25 15:54:34","57342"
"A10VQSMGPJFSMU","cs_wg_v7_pilot9","3LEIZ60CDJ0MVE3GQ0F2IMUCTJE9ZZ","DOGSLED","1","7","12","0","2018-05-25 15:54:34","57343"
"A10VQSMGPJFSMU","cs_wg_v7_pilot9","3LEIZ60CDJ0MVE3GQ0F2IMUCTJE9ZZ","LIPSTICK","3","16","9","0","2018-05-25 15:54:34","57344"
"A10VQSMGPJFSMU","cs_wg_v7_pilot9","3LEIZ60CDJ0MVE3GQ0F2IMUCTJE9ZZ","WEAPON","2","1","16","0","2018-05-25 15:54:34","57345"
"A10VQSMGPJFSMU","cs_wg_v7_pilot9","3LEIZ60CDJ0MVE3GQ0F2IMUCTJE9ZZ","FILMMAKER","5","12","11","0","2018-05-25 15:54:34","57346"
"A10VQSMGPJFSMU","cs_wg_v7_pilot9","3LEIZ60CDJ0MVE3GQ0F2IMUCTJE9ZZ","UNHAPPY","9","8","16","0","2018-05-25 15:54:34","57347"
"A10VQSMGPJFSMU","cs_wg_v7_pilot9","3LEIZ60CDJ0MVE3GQ0F2IMUCTJE9ZZ","GOLDEN","11","12","4","0","2018-05-25 15:54:34","57348"
"A10VQSMGPJFSMU","cs_wg_v7_pilot9","3LEIZ60CDJ0MVE3GQ0F2IMUCTJE9ZZ","INFERNO","6","6","18","0","2018-05-25 15:54:34","57349"
"A10VQSMGPJFSMU","cs_wg_v7_pilot9","3LEIZ60CDJ0MVE3GQ0F2IMUCTJE9ZZ","SMOKER","8","15","11","0","2018-05-25 15:54:34","57350"
"A10VQSMGPJFSMU","cs_wg_v7_pilot9","3LEIZ60CDJ0MVE3GQ0F2IMUCTJE9ZZ","POPCORN","10","16","15","0","2018-05-25 15:54:34","57351"
"A10VQSMGPJFSMU","cs_wg_v7_pilot9","3LEIZ60CDJ0MVE3GQ0F2IMUCTJE9ZZ","STEREOTYPE","7","5","25","0","2018-05-25 15:54:34","57352"
"A2DA5SD0IQEPBI","cs_wg_v7_pilot9","3AQF3RZ558JT8EAIRHIJVKNSRDCF66","FILMMAKER","5","15","11","0","2018-05-25 15:54:36","57353"
"A2DA5SD0IQEPBI","cs_wg_v7_pilot9","3AQF3RZ558JT8EAIRHIJVKNSRDCF66","MAILMAN","0","18","13","0","2018-05-25 15:54:36","57354"
"A2DA5SD0IQEPBI","cs_wg_v7_pilot9","3AQF3RZ558JT8EAIRHIJVKNSRDCF66","DOGSLED","1","20","12","0","2018-05-25 15:54:36","57355"
"A2DA5SD0IQEPBI","cs_wg_v7_pilot9","3AQF3RZ558JT8EAIRHIJVKNSRDCF66","RABIES","4","25","9","0","2018-05-25 15:54:36","57356"
"A2DA5SD0IQEPBI","cs_wg_v7_pilot9","3AQF3RZ558JT8EAIRHIJVKNSRDCF66","WEAPON","2","26","16","0","2018-05-25 15:54:36","57357"
"A2DA5SD0IQEPBI","cs_wg_v7_pilot9","3AQF3RZ558JT8EAIRHIJVKNSRDCF66","LIPSTICK","3","11","9","0","2018-05-25 15:54:36","57358"
"A2DA5SD0IQEPBI","cs_wg_v7_pilot9","3AQF3RZ558JT8EAIRHIJVKNSRDCF66","GOLDEN","11","15","4","0","2018-05-25 15:54:36","57359"
"A2DA5SD0IQEPBI","cs_wg_v7_pilot9","3AQF3RZ558JT8EAIRHIJVKNSRDCF66","SMOKER","8","12","11","0","2018-05-25 15:54:36","57360"
"A2DA5SD0IQEPBI","cs_wg_v7_pilot9","3AQF3RZ558JT8EAIRHIJVKNSRDCF66","INFERNO","6","21","18","0","2018-05-25 15:54:36","57361"
"A2DA5SD0IQEPBI","cs_wg_v7_pilot9","3AQF3RZ558JT8EAIRHIJVKNSRDCF66","STEREOTYPE","7","22","25","0","2018-05-25 15:54:36","57362"
"A2DA5SD0IQEPBI","cs_wg_v7_pilot9","3AQF3RZ558JT8EAIRHIJVKNSRDCF66","UNHAPPY","9","19","16","0","2018-05-25 15:54:36","57363"
"A2DA5SD0IQEPBI","cs_wg_v7_pilot9","3AQF3RZ558JT8EAIRHIJVKNSRDCF66","POPCORN","10","11","15","0","2018-05-25 15:54:36","57364"
"A271V19C06841K","cs_wg_v7_pilot9","3L0KT67Y8EH4V3PA3KDALAQ0FDZSY2","MAILMAN","0","9","14","0","2018-05-25 15:54:43","57365"
"A271V19C06841K","cs_wg_v7_pilot9","3L0KT67Y8EH4V3PA3KDALAQ0FDZSY2","WEAPON","2","1","11","0","2018-05-25 15:54:43","57366"
"A271V19C06841K","cs_wg_v7_pilot9","3L0KT67Y8EH4V3PA3KDALAQ0FDZSY2","DOGSLED","1","7","15","0","2018-05-25 15:54:43","57367"
"A271V19C06841K","cs_wg_v7_pilot9","3L0KT67Y8EH4V3PA3KDALAQ0FDZSY2","LIPSTICK","3","16","18","0","2018-05-25 15:54:43","57368"
"A271V19C06841K","cs_wg_v7_pilot9","3L0KT67Y8EH4V3PA3KDALAQ0FDZSY2","FILMMAKER","5","12","16","0","2018-05-25 15:54:43","57369"
"A271V19C06841K","cs_wg_v7_pilot9","3L0KT67Y8EH4V3PA3KDALAQ0FDZSY2","RABIES","4","2","18","0","2018-05-25 15:54:43","57370"
"A271V19C06841K","cs_wg_v7_pilot9","3L0KT67Y8EH4V3PA3KDALAQ0FDZSY2","INFERNO","6","6","9","0","2018-05-25 15:54:44","57371"
"A271V19C06841K","cs_wg_v7_pilot9","3L0KT67Y8EH4V3PA3KDALAQ0FDZSY2","STEREOTYPE","7","5","2","0","2018-05-25 15:54:44","57372"
"A271V19C06841K","cs_wg_v7_pilot9","3L0KT67Y8EH4V3PA3KDALAQ0FDZSY2","SMOKER","8","15","16","0","2018-05-25 15:54:44","57373"
"A271V19C06841K","cs_wg_v7_pilot9","3L0KT67Y8EH4V3PA3KDALAQ0FDZSY2","UNHAPPY","9","8","11","0","2018-05-25 15:54:44","57374"
"A271V19C06841K","cs_wg_v7_pilot9","3L0KT67Y8EH4V3PA3KDALAQ0FDZSY2","GOLDEN","11","12","23","0","2018-05-25 15:54:44","57375"
"A271V19C06841K","cs_wg_v7_pilot9","3L0KT67Y8EH4V3PA3KDALAQ0FDZSY2","POPCORN","10","16","12","0","2018-05-25 15:54:44","57376"
"A3HW4QDJB63OQ2","cs_wg_v7_pilot9","3LRLIPTPEQA5B2EZI5QSR2HJVSJAKT","RABIES","4","2","18","0","2018-05-25 15:54:48","57377"
"A3HW4QDJB63OQ2","cs_wg_v7_pilot9","3LRLIPTPEQA5B2EZI5QSR2HJVSJAKT","FILMMAKER","5","12","16","0","2018-05-25 15:54:48","57378"
"A3HW4QDJB63OQ2","cs_wg_v7_pilot9","3LRLIPTPEQA5B2EZI5QSR2HJVSJAKT","WEAPON","2","1","11","0","2018-05-25 15:54:48","57379"
"A3HW4QDJB63OQ2","cs_wg_v7_pilot9","3LRLIPTPEQA5B2EZI5QSR2HJVSJAKT","MAILMAN","0","9","14","0","2018-05-25 15:54:48","57380"
"A3HW4QDJB63OQ2","cs_wg_v7_pilot9","3LRLIPTPEQA5B2EZI5QSR2HJVSJAKT","DOGSLED","1","7","15","0","2018-05-25 15:54:48","57381"
"A3HW4QDJB63OQ2","cs_wg_v7_pilot9","3LRLIPTPEQA5B2EZI5QSR2HJVSJAKT","LIPSTICK","3","16","18","0","2018-05-25 15:54:48","57382"
"A18JMMVN3ZOV8R","cs_wg_v7_pilot9","3H8DHMCCW9C399HB2FHUH3PPGVGKD5","MAILMAN","0","18","14","0","2018-05-25 15:54:48","57383"
"A18JMMVN3ZOV8R","cs_wg_v7_pilot9","3H8DHMCCW9C399HB2FHUH3PPGVGKD5","LIPSTICK","3","11","18","0","2018-05-25 15:54:48","57384"
"A18JMMVN3ZOV8R","cs_wg_v7_pilot9","3H8DHMCCW9C399HB2FHUH3PPGVGKD5","FILMMAKER","5","15","16","0","2018-05-25 15:54:48","57385"
"A18JMMVN3ZOV8R","cs_wg_v7_pilot9","3H8DHMCCW9C399HB2FHUH3PPGVGKD5","WEAPON","2","26","11","0","2018-05-25 15:54:48","57386"
"A18JMMVN3ZOV8R","cs_wg_v7_pilot9","3H8DHMCCW9C399HB2FHUH3PPGVGKD5","DOGSLED","1","20","15","0","2018-05-25 15:54:48","57387"
"A18JMMVN3ZOV8R","cs_wg_v7_pilot9","3H8DHMCCW9C399HB2FHUH3PPGVGKD5","RABIES","4","25","18","0","2018-05-25 15:54:48","57388"
"A3HW4QDJB63OQ2","cs_wg_v7_pilot9","3LRLIPTPEQA5B2EZI5QSR2HJVSJAKT","UNHAPPY","9","8","11","0","2018-05-25 15:54:48","57389"
"A3HW4QDJB63OQ2","cs_wg_v7_pilot9","3LRLIPTPEQA5B2EZI5QSR2HJVSJAKT","GOLDEN","11","12","23","0","2018-05-25 15:54:48","57390"
"A3HW4QDJB63OQ2","cs_wg_v7_pilot9","3LRLIPTPEQA5B2EZI5QSR2HJVSJAKT","STEREOTYPE","7","5","2","0","2018-05-25 15:54:48","57391"
"A3HW4QDJB63OQ2","cs_wg_v7_pilot9","3LRLIPTPEQA5B2EZI5QSR2HJVSJAKT","INFERNO","6","6","9","0","2018-05-25 15:54:48","57392"
"A3HW4QDJB63OQ2","cs_wg_v7_pilot9","3LRLIPTPEQA5B2EZI5QSR2HJVSJAKT","SMOKER","8","15","16","0","2018-05-25 15:54:48","57393"
"A3HW4QDJB63OQ2","cs_wg_v7_pilot9","3LRLIPTPEQA5B2EZI5QSR2HJVSJAKT","POPCORN","10","16","12","0","2018-05-25 15:54:48","57394"
"A18JMMVN3ZOV8R","cs_wg_v7_pilot9","3H8DHMCCW9C399HB2FHUH3PPGVGKD5","SMOKER","8","12","16","0","2018-05-25 15:54:48","57395"
"A18JMMVN3ZOV8R","cs_wg_v7_pilot9","3H8DHMCCW9C399HB2FHUH3PPGVGKD5","GOLDEN","11","15","23","0","2018-05-25 15:54:48","57396"
"A18JMMVN3ZOV8R","cs_wg_v7_pilot9","3H8DHMCCW9C399HB2FHUH3PPGVGKD5","STEREOTYPE","7","22","2","0","2018-05-25 15:54:48","57397"
"A18JMMVN3ZOV8R","cs_wg_v7_pilot9","3H8DHMCCW9C399HB2FHUH3PPGVGKD5","INFERNO","6","21","9","0","2018-05-25 15:54:48","57398"
"A18JMMVN3ZOV8R","cs_wg_v7_pilot9","3H8DHMCCW9C399HB2FHUH3PPGVGKD5","POPCORN","10","11","12","0","2018-05-25 15:54:48","57399"
"A18JMMVN3ZOV8R","cs_wg_v7_pilot9","3H8DHMCCW9C399HB2FHUH3PPGVGKD5","UNHAPPY","9","19","11","0","2018-05-25 15:54:48","57400"
"A38HYUTYWWREGH","cs_wg_v7_pilot9","317HQ483I7TLPQI0R6AL0SM62VTNIF","RABIES","4","2","9","0","2018-05-25 15:54:58","57401"
"A38HYUTYWWREGH","cs_wg_v7_pilot9","317HQ483I7TLPQI0R6AL0SM62VTNIF","DOGSLED","1","7","12","0","2018-05-25 15:54:58","57402"
"A38HYUTYWWREGH","cs_wg_v7_pilot9","317HQ483I7TLPQI0R6AL0SM62VTNIF","WEAPON","2","1","16","0","2018-05-25 15:54:58","57403"
"A38HYUTYWWREGH","cs_wg_v7_pilot9","317HQ483I7TLPQI0R6AL0SM62VTNIF","FILMMAKER","5","12","11","0","2018-05-25 15:54:58","57404"
"A38HYUTYWWREGH","cs_wg_v7_pilot9","317HQ483I7TLPQI0R6AL0SM62VTNIF","MAILMAN","0","9","13","0","2018-05-25 15:54:58","57405"
"A38HYUTYWWREGH","cs_wg_v7_pilot9","317HQ483I7TLPQI0R6AL0SM62VTNIF","LIPSTICK","3","16","9","0","2018-05-25 15:54:58","57406"
"A38HYUTYWWREGH","cs_wg_v7_pilot9","317HQ483I7TLPQI0R6AL0SM62VTNIF","POPCORN","10","16","15","0","2018-05-25 15:54:58","57407"
"A38HYUTYWWREGH","cs_wg_v7_pilot9","317HQ483I7TLPQI0R6AL0SM62VTNIF","INFERNO","6","6","18","0","2018-05-25 15:54:58","57408"
"A38HYUTYWWREGH","cs_wg_v7_pilot9","317HQ483I7TLPQI0R6AL0SM62VTNIF","SMOKER","8","15","11","0","2018-05-25 15:54:58","57409"
"A38HYUTYWWREGH","cs_wg_v7_pilot9","317HQ483I7TLPQI0R6AL0SM62VTNIF","GOLDEN","11","12","4","0","2018-05-25 15:54:58","57410"
"A38HYUTYWWREGH","cs_wg_v7_pilot9","317HQ483I7TLPQI0R6AL0SM62VTNIF","STEREOTYPE","7","5","25","0","2018-05-25 15:54:58","57411"
"A38HYUTYWWREGH","cs_wg_v7_pilot9","317HQ483I7TLPQI0R6AL0SM62VTNIF","UNHAPPY","9","8","16","0","2018-05-25 15:54:58","57412"
"A2MJYP5M2JRSVZ","cs_wg_v7_pilot9","3U8YCDAGXPHVLSEC38DWYIHFLCZQ0A","MAILMAN","0","18","14","0","2018-05-25 15:55:15","57413"
"A2MJYP5M2JRSVZ","cs_wg_v7_pilot9","3U8YCDAGXPHVLSEC38DWYIHFLCZQ0A","DOGSLED","1","20","15","0","2018-05-25 15:55:15","57414"
"A2MJYP5M2JRSVZ","cs_wg_v7_pilot9","3U8YCDAGXPHVLSEC38DWYIHFLCZQ0A","WEAPON","2","26","11","0","2018-05-25 15:55:15","57415"
"A2MJYP5M2JRSVZ","cs_wg_v7_pilot9","3U8YCDAGXPHVLSEC38DWYIHFLCZQ0A","RABIES","4","25","18","0","2018-05-25 15:55:15","57416"
"A2MJYP5M2JRSVZ","cs_wg_v7_pilot9","3U8YCDAGXPHVLSEC38DWYIHFLCZQ0A","LIPSTICK","3","11","18","0","2018-05-25 15:55:15","57417"
"A2MJYP5M2JRSVZ","cs_wg_v7_pilot9","3U8YCDAGXPHVLSEC38DWYIHFLCZQ0A","FILMMAKER","5","15","16","0","2018-05-25 15:55:15","57418"
"A2MJYP5M2JRSVZ","cs_wg_v7_pilot9","3U8YCDAGXPHVLSEC38DWYIHFLCZQ0A","INFERNO","6","21","9","0","2018-05-25 15:55:15","57419"
"A2MJYP5M2JRSVZ","cs_wg_v7_pilot9","3U8YCDAGXPHVLSEC38DWYIHFLCZQ0A","STEREOTYPE","7","22","2","0","2018-05-25 15:55:15","57420"
"A2MJYP5M2JRSVZ","cs_wg_v7_pilot9","3U8YCDAGXPHVLSEC38DWYIHFLCZQ0A","SMOKER","8","12","16","0","2018-05-25 15:55:15","57421"
"A2MJYP5M2JRSVZ","cs_wg_v7_pilot9","3U8YCDAGXPHVLSEC38DWYIHFLCZQ0A","UNHAPPY","9","19","11","0","2018-05-25 15:55:15","57422"
"A2MJYP5M2JRSVZ","cs_wg_v7_pilot9","3U8YCDAGXPHVLSEC38DWYIHFLCZQ0A","POPCORN","10","11","12","0","2018-05-25 15:55:16","57423"
"A2MJYP5M2JRSVZ","cs_wg_v7_pilot9","3U8YCDAGXPHVLSEC38DWYIHFLCZQ0A","GOLDEN","11","15","23","0","2018-05-25 15:55:16","57424"
"A1NTTV6SBV1EQS","cs_wg_v7_pilot9","3RUIQRXJBBPXRRNL0WRJFGA9E4NLLP","DOGSLED","1","20","12","0","2018-05-25 15:55:24","57425"
"A1NTTV6SBV1EQS","cs_wg_v7_pilot9","3RUIQRXJBBPXRRNL0WRJFGA9E4NLLP","MAILMAN","0","18","13","0","2018-05-25 15:55:24","57426"
"A1NTTV6SBV1EQS","cs_wg_v7_pilot9","3RUIQRXJBBPXRRNL0WRJFGA9E4NLLP","LIPSTICK","3","11","9","0","2018-05-25 15:55:24","57427"
"A1NTTV6SBV1EQS","cs_wg_v7_pilot9","3RUIQRXJBBPXRRNL0WRJFGA9E4NLLP","FILMMAKER","5","15","11","0","2018-05-25 15:55:24","57428"
"A1NTTV6SBV1EQS","cs_wg_v7_pilot9","3RUIQRXJBBPXRRNL0WRJFGA9E4NLLP","RABIES","4","25","9","0","2018-05-25 15:55:24","57429"
"A1NTTV6SBV1EQS","cs_wg_v7_pilot9","3RUIQRXJBBPXRRNL0WRJFGA9E4NLLP","WEAPON","2","26","16","0","2018-05-25 15:55:24","57430"
"A1NTTV6SBV1EQS","cs_wg_v7_pilot9","3RUIQRXJBBPXRRNL0WRJFGA9E4NLLP","INFERNO","6","21","18","0","2018-05-25 15:55:24","57431"
"A1NTTV6SBV1EQS","cs_wg_v7_pilot9","3RUIQRXJBBPXRRNL0WRJFGA9E4NLLP","STEREOTYPE","7","22","25","0","2018-05-25 15:55:24","57432"
"A1NTTV6SBV1EQS","cs_wg_v7_pilot9","3RUIQRXJBBPXRRNL0WRJFGA9E4NLLP","UNHAPPY","9","19","16","0","2018-05-25 15:55:24","57433"
"A1NTTV6SBV1EQS","cs_wg_v7_pilot9","3RUIQRXJBBPXRRNL0WRJFGA9E4NLLP","SMOKER","8","12","11","0","2018-05-25 15:55:24","57434"
"A1NTTV6SBV1EQS","cs_wg_v7_pilot9","3RUIQRXJBBPXRRNL0WRJFGA9E4NLLP","GOLDEN","11","15","4","0","2018-05-25 15:55:24","57435"
"A1NTTV6SBV1EQS","cs_wg_v7_pilot9","3RUIQRXJBBPXRRNL0WRJFGA9E4NLLP","POPCORN","10","11","15","0","2018-05-25 15:55:24","57436"
"AYRWBQRHMUWWQ","cs_wg_v7_pilot9","3SBEHTYCWN4F1PMEY8JWH8KD6FXYIG","LIPSTICK","3","11","18","0","2018-05-25 15:55:24","57437"
"AYRWBQRHMUWWQ","cs_wg_v7_pilot9","3SBEHTYCWN4F1PMEY8JWH8KD6FXYIG","RABIES","4","25","18","0","2018-05-25 15:55:24","57438"
"AYRWBQRHMUWWQ","cs_wg_v7_pilot9","3SBEHTYCWN4F1PMEY8JWH8KD6FXYIG","MAILMAN","0","18","14","0","2018-05-25 15:55:24","57439"
"AYRWBQRHMUWWQ","cs_wg_v7_pilot9","3SBEHTYCWN4F1PMEY8JWH8KD6FXYIG","FILMMAKER","5","15","16","0","2018-05-25 15:55:24","57440"
"AYRWBQRHMUWWQ","cs_wg_v7_pilot9","3SBEHTYCWN4F1PMEY8JWH8KD6FXYIG","DOGSLED","1","20","15","0","2018-05-25 15:55:24","57441"
"AYRWBQRHMUWWQ","cs_wg_v7_pilot9","3SBEHTYCWN4F1PMEY8JWH8KD6FXYIG","WEAPON","2","26","11","0","2018-05-25 15:55:24","57442"
"AYRWBQRHMUWWQ","cs_wg_v7_pilot9","3SBEHTYCWN4F1PMEY8JWH8KD6FXYIG","UNHAPPY","9","19","11","0","2018-05-25 15:55:24","57444"
"AYRWBQRHMUWWQ","cs_wg_v7_pilot9","3SBEHTYCWN4F1PMEY8JWH8KD6FXYIG","INFERNO","6","21","9","0","2018-05-25 15:55:24","57445"
"AYRWBQRHMUWWQ","cs_wg_v7_pilot9","3SBEHTYCWN4F1PMEY8JWH8KD6FXYIG","STEREOTYPE","7","22","2","0","2018-05-25 15:55:24","57443"
"AYRWBQRHMUWWQ","cs_wg_v7_pilot9","3SBEHTYCWN4F1PMEY8JWH8KD6FXYIG","SMOKER","8","12","16","0","2018-05-25 15:55:24","57446"
"AYRWBQRHMUWWQ","cs_wg_v7_pilot9","3SBEHTYCWN4F1PMEY8JWH8KD6FXYIG","POPCORN","10","11","12","0","2018-05-25 15:55:24","57447"
"AYRWBQRHMUWWQ","cs_wg_v7_pilot9","3SBEHTYCWN4F1PMEY8JWH8KD6FXYIG","GOLDEN","11","15","23","0","2018-05-25 15:55:24","57448"
"A1VP12LE0ZWG24","cs_wg_v7_pilot9","3R8YZBNQ9HJ933EWO7Y5DXR2TQ5Q7A","MAILMAN","0","9","14","0","2018-05-25 15:55:33","57449"
"A1VP12LE0ZWG24","cs_wg_v7_pilot9","3R8YZBNQ9HJ933EWO7Y5DXR2TQ5Q7A","DOGSLED","1","7","15","0","2018-05-25 15:55:33","57450"
"A1VP12LE0ZWG24","cs_wg_v7_pilot9","3R8YZBNQ9HJ933EWO7Y5DXR2TQ5Q7A","WEAPON","2","1","11","0","2018-05-25 15:55:33","57451"
"A1VP12LE0ZWG24","cs_wg_v7_pilot9","3R8YZBNQ9HJ933EWO7Y5DXR2TQ5Q7A","LIPSTICK","3","16","18","0","2018-05-25 15:55:33","57452"
"A1VP12LE0ZWG24","cs_wg_v7_pilot9","3R8YZBNQ9HJ933EWO7Y5DXR2TQ5Q7A","SMOKER","8","15","16","0","2018-05-25 15:55:33","57453"
"A1VP12LE0ZWG24","cs_wg_v7_pilot9","3R8YZBNQ9HJ933EWO7Y5DXR2TQ5Q7A","FILMMAKER","5","12","16","0","2018-05-25 15:55:33","57454"
"A1VP12LE0ZWG24","cs_wg_v7_pilot9","3R8YZBNQ9HJ933EWO7Y5DXR2TQ5Q7A","INFERNO","6","6","9","0","2018-05-25 15:55:33","57455"
"A1VP12LE0ZWG24","cs_wg_v7_pilot9","3R8YZBNQ9HJ933EWO7Y5DXR2TQ5Q7A","STEREOTYPE","7","5","2","0","2018-05-25 15:55:33","57456"
"A1VP12LE0ZWG24","cs_wg_v7_pilot9","3R8YZBNQ9HJ933EWO7Y5DXR2TQ5Q7A","RABIES","4","2","18","0","2018-05-25 15:55:33","57457"
"A1VP12LE0ZWG24","cs_wg_v7_pilot9","3R8YZBNQ9HJ933EWO7Y5DXR2TQ5Q7A","UNHAPPY","9","8","11","0","2018-05-25 15:55:33","57458"
"A1VP12LE0ZWG24","cs_wg_v7_pilot9","3R8YZBNQ9HJ933EWO7Y5DXR2TQ5Q7A","GOLDEN","11","12","23","0","2018-05-25 15:55:33","57459"
"A1VP12LE0ZWG24","cs_wg_v7_pilot9","3R8YZBNQ9HJ933EWO7Y5DXR2TQ5Q7A","POPCORN","10","16","12","0","2018-05-25 15:55:33","57460"
"A1P9WP2HVMPAV1","cs_wg_v7_pilot9","3UXUOQ9OKEYHGN7FZB1JNXCXP8KA7O","WEAPON","2","26","11","0","2018-05-25 15:55:36","57462"
"A1P9WP2HVMPAV1","cs_wg_v7_pilot9","3UXUOQ9OKEYHGN7FZB1JNXCXP8KA7O","RABIES","4","25","18","0","2018-05-25 15:55:36","57463"
"A1P9WP2HVMPAV1","cs_wg_v7_pilot9","3UXUOQ9OKEYHGN7FZB1JNXCXP8KA7O","DOGSLED","1","20","15","0","2018-05-25 15:55:36","57461"
"A1P9WP2HVMPAV1","cs_wg_v7_pilot9","3UXUOQ9OKEYHGN7FZB1JNXCXP8KA7O","FILMMAKER","5","15","16","0","2018-05-25 15:55:36","57464"
"A1P9WP2HVMPAV1","cs_wg_v7_pilot9","3UXUOQ9OKEYHGN7FZB1JNXCXP8KA7O","MAILMAN","0","18","14","0","2018-05-25 15:55:36","57465"
"A1P9WP2HVMPAV1","cs_wg_v7_pilot9","3UXUOQ9OKEYHGN7FZB1JNXCXP8KA7O","LIPSTICK","3","11","18","0","2018-05-25 15:55:36","57466"
"A1P9WP2HVMPAV1","cs_wg_v7_pilot9","3UXUOQ9OKEYHGN7FZB1JNXCXP8KA7O","INFERNO","6","21","9","0","2018-05-25 15:55:37","57467"
"A1P9WP2HVMPAV1","cs_wg_v7_pilot9","3UXUOQ9OKEYHGN7FZB1JNXCXP8KA7O","STEREOTYPE","7","22","2","0","2018-05-25 15:55:37","57468"
"A1P9WP2HVMPAV1","cs_wg_v7_pilot9","3UXUOQ9OKEYHGN7FZB1JNXCXP8KA7O","SMOKER","8","12","16","0","2018-05-25 15:55:37","57469"
"A1P9WP2HVMPAV1","cs_wg_v7_pilot9","3UXUOQ9OKEYHGN7FZB1JNXCXP8KA7O","GOLDEN","11","15","23","0","2018-05-25 15:55:37","57470"
"A1P9WP2HVMPAV1","cs_wg_v7_pilot9","3UXUOQ9OKEYHGN7FZB1JNXCXP8KA7O","UNHAPPY","9","19","11","0","2018-05-25 15:55:37","57471"
"A1P9WP2HVMPAV1","cs_wg_v7_pilot9","3UXUOQ9OKEYHGN7FZB1JNXCXP8KA7O","POPCORN","10","11","12","0","2018-05-25 15:55:37","57472"
"AWY6W20U8H3JA","cs_wg_v7_pilot9","3WZ36BJEV3H9XV9EIS4GN4OLWNVBTV","DOGSLED","1","7","15","0","2018-05-25 15:55:59","57473"
"AWY6W20U8H3JA","cs_wg_v7_pilot9","3WZ36BJEV3H9XV9EIS4GN4OLWNVBTV","WEAPON","2","1","11","0","2018-05-25 15:55:59","57474"
"AWY6W20U8H3JA","cs_wg_v7_pilot9","3WZ36BJEV3H9XV9EIS4GN4OLWNVBTV","LIPSTICK","3","16","18","0","2018-05-25 15:55:59","57475"
"AWY6W20U8H3JA","cs_wg_v7_pilot9","3WZ36BJEV3H9XV9EIS4GN4OLWNVBTV","RABIES","4","2","18","0","2018-05-25 15:55:59","57476"
"AWY6W20U8H3JA","cs_wg_v7_pilot9","3WZ36BJEV3H9XV9EIS4GN4OLWNVBTV","MAILMAN","0","9","14","0","2018-05-25 15:55:59","57477"
"AWY6W20U8H3JA","cs_wg_v7_pilot9","3WZ36BJEV3H9XV9EIS4GN4OLWNVBTV","FILMMAKER","5","12","16","0","2018-05-25 15:55:59","57478"
"AWY6W20U8H3JA","cs_wg_v7_pilot9","3WZ36BJEV3H9XV9EIS4GN4OLWNVBTV","INFERNO","6","6","9","0","2018-05-25 15:55:59","57479"
"AWY6W20U8H3JA","cs_wg_v7_pilot9","3WZ36BJEV3H9XV9EIS4GN4OLWNVBTV","SMOKER","8","15","16","0","2018-05-25 15:55:59","57480"
"AWY6W20U8H3JA","cs_wg_v7_pilot9","3WZ36BJEV3H9XV9EIS4GN4OLWNVBTV","STEREOTYPE","7","5","2","0","2018-05-25 15:55:59","57481"
"AWY6W20U8H3JA","cs_wg_v7_pilot9","3WZ36BJEV3H9XV9EIS4GN4OLWNVBTV","POPCORN","10","16","12","0","2018-05-25 15:55:59","57482"
"AWY6W20U8H3JA","cs_wg_v7_pilot9","3WZ36BJEV3H9XV9EIS4GN4OLWNVBTV","UNHAPPY","9","8","11","0","2018-05-25 15:55:59","57483"
"AWY6W20U8H3JA","cs_wg_v7_pilot9","3WZ36BJEV3H9XV9EIS4GN4OLWNVBTV","GOLDEN","11","12","23","0","2018-05-25 15:55:59","57484"
"A2M47ONTL35B3A","cs_wg_v7_pilot9","3EICBYG644XYTX5FKYM7WI7UG64CJY","MAILMAN","0","9","13","0","2018-05-25 15:57:04","57485"
"A2M47ONTL35B3A","cs_wg_v7_pilot9","3EICBYG644XYTX5FKYM7WI7UG64CJY","DOGSLED","1","7","12","0","2018-05-25 15:57:04","57486"
"A2M47ONTL35B3A","cs_wg_v7_pilot9","3EICBYG644XYTX5FKYM7WI7UG64CJY","RABIES","4","2","9","0","2018-05-25 15:57:04","57487"
"A2M47ONTL35B3A","cs_wg_v7_pilot9","3EICBYG644XYTX5FKYM7WI7UG64CJY","FILMMAKER","5","12","11","0","2018-05-25 15:57:04","57488"
"A2M47ONTL35B3A","cs_wg_v7_pilot9","3EICBYG644XYTX5FKYM7WI7UG64CJY","LIPSTICK","3","16","9","0","2018-05-25 15:57:04","57489"
"A2M47ONTL35B3A","cs_wg_v7_pilot9","3EICBYG644XYTX5FKYM7WI7UG64CJY","WEAPON","2","1","16","0","2018-05-25 15:57:04","57490"
"A2M47ONTL35B3A","cs_wg_v7_pilot9","3EICBYG644XYTX5FKYM7WI7UG64CJY","INFERNO","6","6","18","0","2018-05-25 15:57:04","57491"
"A2M47ONTL35B3A","cs_wg_v7_pilot9","3EICBYG644XYTX5FKYM7WI7UG64CJY","SMOKER","8","15","11","0","2018-05-25 15:57:04","57492"
"A2M47ONTL35B3A","cs_wg_v7_pilot9","3EICBYG644XYTX5FKYM7WI7UG64CJY","STEREOTYPE","7","5","25","0","2018-05-25 15:57:04","57493"
"A2M47ONTL35B3A","cs_wg_v7_pilot9","3EICBYG644XYTX5FKYM7WI7UG64CJY","POPCORN","10","16","15","0","2018-05-25 15:57:04","57494"
"A2M47ONTL35B3A","cs_wg_v7_pilot9","3EICBYG644XYTX5FKYM7WI7UG64CJY","UNHAPPY","9","8","16","0","2018-05-25 15:57:04","57495"
"A2M47ONTL35B3A","cs_wg_v7_pilot9","3EICBYG644XYTX5FKYM7WI7UG64CJY","GOLDEN","11","12","4","0","2018-05-25 15:57:04","57496"
"A2WG4XJS7MVT38","cs_wg_v7_pilot9","3QHK8ZVMIMJLEI199J2P1DE42AABLT","DOGSLED","1","20","12","0","2018-05-25 15:57:48","57497"
"A2WG4XJS7MVT38","cs_wg_v7_pilot9","3QHK8ZVMIMJLEI199J2P1DE42AABLT","MAILMAN","0","18","13","0","2018-05-25 15:57:48","57498"
"A2WG4XJS7MVT38","cs_wg_v7_pilot9","3QHK8ZVMIMJLEI199J2P1DE42AABLT","WEAPON","2","26","16","0","2018-05-25 15:57:48","57499"
"A2WG4XJS7MVT38","cs_wg_v7_pilot9","3QHK8ZVMIMJLEI199J2P1DE42AABLT","LIPSTICK","3","11","9","0","2018-05-25 15:57:48","57500"
"A2WG4XJS7MVT38","cs_wg_v7_pilot9","3QHK8ZVMIMJLEI199J2P1DE42AABLT","RABIES","4","25","9","0","2018-05-25 15:57:48","57501"
"A2WG4XJS7MVT38","cs_wg_v7_pilot9","3QHK8ZVMIMJLEI199J2P1DE42AABLT","FILMMAKER","5","15","11","0","2018-05-25 15:57:48","57502"
"A2WG4XJS7MVT38","cs_wg_v7_pilot9","3QHK8ZVMIMJLEI199J2P1DE42AABLT","STEREOTYPE","7","22","25","0","2018-05-25 15:57:48","57503"
"A2WG4XJS7MVT38","cs_wg_v7_pilot9","3QHK8ZVMIMJLEI199J2P1DE42AABLT","INFERNO","6","21","18","0","2018-05-25 15:57:48","57504"
"A2WG4XJS7MVT38","cs_wg_v7_pilot9","3QHK8ZVMIMJLEI199J2P1DE42AABLT","SMOKER","8","12","11","0","2018-05-25 15:57:48","57505"
"A2WG4XJS7MVT38","cs_wg_v7_pilot9","3QHK8ZVMIMJLEI199J2P1DE42AABLT","UNHAPPY","9","19","16","0","2018-05-25 15:57:48","57506"
"A2WG4XJS7MVT38","cs_wg_v7_pilot9","3QHK8ZVMIMJLEI199J2P1DE42AABLT","POPCORN","10","11","15","0","2018-05-25 15:57:48","57507"
"A2WG4XJS7MVT38","cs_wg_v7_pilot9","3QHK8ZVMIMJLEI199J2P1DE42AABLT","GOLDEN","11","15","4","0","2018-05-25 15:57:48","57508"
"A19ZWBQT8A3LIR","cs_wg_v7_pilot9","3TXMY6UCAEPFFK9SFO6GTJJGU1WCQP","MAILMAN","0","9","14","0","2018-05-25 15:58:08","57509"
"A19ZWBQT8A3LIR","cs_wg_v7_pilot9","3TXMY6UCAEPFFK9SFO6GTJJGU1WCQP","DOGSLED","1","7","15","0","2018-05-25 15:58:08","57510"
"A19ZWBQT8A3LIR","cs_wg_v7_pilot9","3TXMY6UCAEPFFK9SFO6GTJJGU1WCQP","RABIES","4","2","18","0","2018-05-25 15:58:08","57511"
"A19ZWBQT8A3LIR","cs_wg_v7_pilot9","3TXMY6UCAEPFFK9SFO6GTJJGU1WCQP","FILMMAKER","5","12","16","0","2018-05-25 15:58:08","57512"
"A19ZWBQT8A3LIR","cs_wg_v7_pilot9","3TXMY6UCAEPFFK9SFO6GTJJGU1WCQP","LIPSTICK","3","16","18","0","2018-05-25 15:58:08","57513"
"A19ZWBQT8A3LIR","cs_wg_v7_pilot9","3TXMY6UCAEPFFK9SFO6GTJJGU1WCQP","WEAPON","2","1","11","0","2018-05-25 15:58:08","57514"
"A19ZWBQT8A3LIR","cs_wg_v7_pilot9","3TXMY6UCAEPFFK9SFO6GTJJGU1WCQP","INFERNO","6","6","9","0","2018-05-25 15:58:08","57515"
"A19ZWBQT8A3LIR","cs_wg_v7_pilot9","3TXMY6UCAEPFFK9SFO6GTJJGU1WCQP","UNHAPPY","9","8","11","0","2018-05-25 15:58:08","57516"
"A19ZWBQT8A3LIR","cs_wg_v7_pilot9","3TXMY6UCAEPFFK9SFO6GTJJGU1WCQP","SMOKER","8","15","16","0","2018-05-25 15:58:08","57517"
"A19ZWBQT8A3LIR","cs_wg_v7_pilot9","3TXMY6UCAEPFFK9SFO6GTJJGU1WCQP","STEREOTYPE","7","5","2","0","2018-05-25 15:58:08","57518"
"A19ZWBQT8A3LIR","cs_wg_v7_pilot9","3TXMY6UCAEPFFK9SFO6GTJJGU1WCQP","POPCORN","10","16","12","0","2018-05-25 15:58:08","57519"
"A19ZWBQT8A3LIR","cs_wg_v7_pilot9","3TXMY6UCAEPFFK9SFO6GTJJGU1WCQP","GOLDEN","11","12","23","0","2018-05-25 15:58:08","57520"
"AP8OG80OLCCMC","cs_wg_v7_pilot9","3LRLIPTPEQA5B2EZI5QSR2HJVSJAKT","WEAPON","2","1","16","0","2018-05-25 15:59:51","57521"
"AP8OG80OLCCMC","cs_wg_v7_pilot9","3LRLIPTPEQA5B2EZI5QSR2HJVSJAKT","DOGSLED","1","7","12","0","2018-05-25 15:59:51","57522"
"AP8OG80OLCCMC","cs_wg_v7_pilot9","3LRLIPTPEQA5B2EZI5QSR2HJVSJAKT","MAILMAN","0","9","13","0","2018-05-25 15:59:51","57523"
"AP8OG80OLCCMC","cs_wg_v7_pilot9","3LRLIPTPEQA5B2EZI5QSR2HJVSJAKT","LIPSTICK","3","16","9","0","2018-05-25 15:59:51","57524"
"AP8OG80OLCCMC","cs_wg_v7_pilot9","3LRLIPTPEQA5B2EZI5QSR2HJVSJAKT","RABIES","4","2","9","0","2018-05-25 15:59:51","57525"
"AP8OG80OLCCMC","cs_wg_v7_pilot9","3LRLIPTPEQA5B2EZI5QSR2HJVSJAKT","FILMMAKER","5","12","11","0","2018-05-25 15:59:51","57526"
"AP8OG80OLCCMC","cs_wg_v7_pilot9","3LRLIPTPEQA5B2EZI5QSR2HJVSJAKT","INFERNO","6","6","18","0","2018-05-25 15:59:52","57527"
"AP8OG80OLCCMC","cs_wg_v7_pilot9","3LRLIPTPEQA5B2EZI5QSR2HJVSJAKT","STEREOTYPE","7","5","25","0","2018-05-25 15:59:52","57528"
"AP8OG80OLCCMC","cs_wg_v7_pilot9","3LRLIPTPEQA5B2EZI5QSR2HJVSJAKT","SMOKER","8","15","11","0","2018-05-25 15:59:52","57529"
"AP8OG80OLCCMC","cs_wg_v7_pilot9","3LRLIPTPEQA5B2EZI5QSR2HJVSJAKT","GOLDEN","11","12","4","0","2018-05-25 15:59:52","57530"
"AP8OG80OLCCMC","cs_wg_v7_pilot9","3LRLIPTPEQA5B2EZI5QSR2HJVSJAKT","POPCORN","10","16","15","0","2018-05-25 15:59:52","57531"
"AP8OG80OLCCMC","cs_wg_v7_pilot9","3LRLIPTPEQA5B2EZI5QSR2HJVSJAKT","UNHAPPY","9","8","16","0","2018-05-25 15:59:52","57532"
"A3FFVN6DPKFDVG","cs_wg_v7_pilot9","33JKGHPFYCV7L98RCL8DSLTNJ4DNMV","MAILMAN","0","9","13","0","2018-05-25 16:00:28","57533"
"A3FFVN6DPKFDVG","cs_wg_v7_pilot9","33JKGHPFYCV7L98RCL8DSLTNJ4DNMV","LIPSTICK","3","16","9","0","2018-05-25 16:00:28","57534"
"A3FFVN6DPKFDVG","cs_wg_v7_pilot9","33JKGHPFYCV7L98RCL8DSLTNJ4DNMV","RABIES","4","2","9","0","2018-05-25 16:00:28","57535"
"A3FFVN6DPKFDVG","cs_wg_v7_pilot9","33JKGHPFYCV7L98RCL8DSLTNJ4DNMV","FILMMAKER","5","12","11","0","2018-05-25 16:00:28","57536"
"A3FFVN6DPKFDVG","cs_wg_v7_pilot9","33JKGHPFYCV7L98RCL8DSLTNJ4DNMV","DOGSLED","1","7","12","0","2018-05-25 16:00:28","57537"
"A3FFVN6DPKFDVG","cs_wg_v7_pilot9","33JKGHPFYCV7L98RCL8DSLTNJ4DNMV","WEAPON","2","1","16","0","2018-05-25 16:00:28","57538"
"A3FFVN6DPKFDVG","cs_wg_v7_pilot9","33JKGHPFYCV7L98RCL8DSLTNJ4DNMV","INFERNO","6","6","18","0","2018-05-25 16:00:28","57539"
"A3FFVN6DPKFDVG","cs_wg_v7_pilot9","33JKGHPFYCV7L98RCL8DSLTNJ4DNMV","SMOKER","8","15","11","0","2018-05-25 16:00:28","57540"
"A3FFVN6DPKFDVG","cs_wg_v7_pilot9","33JKGHPFYCV7L98RCL8DSLTNJ4DNMV","STEREOTYPE","7","5","25","0","2018-05-25 16:00:28","57541"
"A3FFVN6DPKFDVG","cs_wg_v7_pilot9","33JKGHPFYCV7L98RCL8DSLTNJ4DNMV","POPCORN","10","16","15","0","2018-05-25 16:00:28","57542"
"A3FFVN6DPKFDVG","cs_wg_v7_pilot9","33JKGHPFYCV7L98RCL8DSLTNJ4DNMV","GOLDEN","11","12","4","0","2018-05-25 16:00:28","57543"
"A3FFVN6DPKFDVG","cs_wg_v7_pilot9","33JKGHPFYCV7L98RCL8DSLTNJ4DNMV","UNHAPPY","9","8","16","0","2018-05-25 16:00:28","57544"
"A2T2HFUJP04DWD","cs_wg_v7_pilot9","3Z3ZLGNNSIVR2KD9MVVF0GFMOPOQ3C","MAILMAN","0","18","13","0","2018-05-25 16:00:49","57545"
"A2T2HFUJP04DWD","cs_wg_v7_pilot9","3Z3ZLGNNSIVR2KD9MVVF0GFMOPOQ3C","DOGSLED","1","20","12","0","2018-05-25 16:00:49","57546"
"A2T2HFUJP04DWD","cs_wg_v7_pilot9","3Z3ZLGNNSIVR2KD9MVVF0GFMOPOQ3C","WEAPON","2","26","16","0","2018-05-25 16:00:49","57547"
"A2T2HFUJP04DWD","cs_wg_v7_pilot9","3Z3ZLGNNSIVR2KD9MVVF0GFMOPOQ3C","LIPSTICK","3","11","9","0","2018-05-25 16:00:49","57548"
"A2T2HFUJP04DWD","cs_wg_v7_pilot9","3Z3ZLGNNSIVR2KD9MVVF0GFMOPOQ3C","FILMMAKER","5","15","11","0","2018-05-25 16:00:49","57549"
"A2T2HFUJP04DWD","cs_wg_v7_pilot9","3Z3ZLGNNSIVR2KD9MVVF0GFMOPOQ3C","RABIES","4","25","9","0","2018-05-25 16:00:49","57550"
"A2T2HFUJP04DWD","cs_wg_v7_pilot9","3Z3ZLGNNSIVR2KD9MVVF0GFMOPOQ3C","STEREOTYPE","7","22","25","0","2018-05-25 16:00:49","57551"
"A2T2HFUJP04DWD","cs_wg_v7_pilot9","3Z3ZLGNNSIVR2KD9MVVF0GFMOPOQ3C","INFERNO","6","21","18","0","2018-05-25 16:00:49","57552"
"A2T2HFUJP04DWD","cs_wg_v7_pilot9","3Z3ZLGNNSIVR2KD9MVVF0GFMOPOQ3C","SMOKER","8","12","11","0","2018-05-25 16:00:49","57553"
"A2T2HFUJP04DWD","cs_wg_v7_pilot9","3Z3ZLGNNSIVR2KD9MVVF0GFMOPOQ3C","UNHAPPY","9","19","16","0","2018-05-25 16:00:49","57554"
"A2T2HFUJP04DWD","cs_wg_v7_pilot9","3Z3ZLGNNSIVR2KD9MVVF0GFMOPOQ3C","POPCORN","10","11","15","0","2018-05-25 16:00:49","57555"
"A2T2HFUJP04DWD","cs_wg_v7_pilot9","3Z3ZLGNNSIVR2KD9MVVF0GFMOPOQ3C","GOLDEN","11","15","4","0","2018-05-25 16:00:49","57556"
"A2M3FPQF852HW4","cs_wg_v7_pilot9","3I33IC7ZWF3AUMA9TZKOR6VPESXA27","MAILMAN","0","9","13","0","2018-05-25 16:01:30","57557"
"A2M3FPQF852HW4","cs_wg_v7_pilot9","3I33IC7ZWF3AUMA9TZKOR6VPESXA27","DOGSLED","1","7","12","0","2018-05-25 16:01:30","57558"
"A2M3FPQF852HW4","cs_wg_v7_pilot9","3I33IC7ZWF3AUMA9TZKOR6VPESXA27","WEAPON","2","1","16","0","2018-05-25 16:01:30","57559"
"A2M3FPQF852HW4","cs_wg_v7_pilot9","3I33IC7ZWF3AUMA9TZKOR6VPESXA27","RABIES","4","2","9","0","2018-05-25 16:01:30","57560"
"A2M3FPQF852HW4","cs_wg_v7_pilot9","3I33IC7ZWF3AUMA9TZKOR6VPESXA27","LIPSTICK","3","16","9","0","2018-05-25 16:01:30","57561"
"A2M3FPQF852HW4","cs_wg_v7_pilot9","3I33IC7ZWF3AUMA9TZKOR6VPESXA27","FILMMAKER","5","12","11","0","2018-05-25 16:01:30","57562"
"A2M3FPQF852HW4","cs_wg_v7_pilot9","3I33IC7ZWF3AUMA9TZKOR6VPESXA27","SMOKER","8","15","11","0","2018-05-25 16:01:30","57563"
"A2M3FPQF852HW4","cs_wg_v7_pilot9","3I33IC7ZWF3AUMA9TZKOR6VPESXA27","STEREOTYPE","7","5","25","0","2018-05-25 16:01:30","57564"
"A2M3FPQF852HW4","cs_wg_v7_pilot9","3I33IC7ZWF3AUMA9TZKOR6VPESXA27","INFERNO","6","6","18","0","2018-05-25 16:01:30","57565"
"A2M3FPQF852HW4","cs_wg_v7_pilot9","3I33IC7ZWF3AUMA9TZKOR6VPESXA27","UNHAPPY","9","8","16","0","2018-05-25 16:01:30","57566"
"A2M3FPQF852HW4","cs_wg_v7_pilot9","3I33IC7ZWF3AUMA9TZKOR6VPESXA27","POPCORN","10","16","15","0","2018-05-25 16:01:30","57567"
"A2M3FPQF852HW4","cs_wg_v7_pilot9","3I33IC7ZWF3AUMA9TZKOR6VPESXA27","GOLDEN","11","12","4","0","2018-05-25 16:01:30","57568"
"A18WCPDCDP4IAS","cs_wg_v7_pilot9","37C0GNLMHF4WAUWM0BNT7KK7F146DW","LIPSTICK","3","11","18","0","2018-05-25 16:02:35","57570"
"A18WCPDCDP4IAS","cs_wg_v7_pilot9","37C0GNLMHF4WAUWM0BNT7KK7F146DW","WEAPON","2","26","11","0","2018-05-25 16:02:35","57571"
"A18WCPDCDP4IAS","cs_wg_v7_pilot9","37C0GNLMHF4WAUWM0BNT7KK7F146DW","MAILMAN","0","18","14","0","2018-05-25 16:02:35","57569"
"A18WCPDCDP4IAS","cs_wg_v7_pilot9","37C0GNLMHF4WAUWM0BNT7KK7F146DW","FILMMAKER","5","15","16","0","2018-05-25 16:02:35","57572"
"A18WCPDCDP4IAS","cs_wg_v7_pilot9","37C0GNLMHF4WAUWM0BNT7KK7F146DW","DOGSLED","1","20","15","0","2018-05-25 16:02:35","57573"
"A18WCPDCDP4IAS","cs_wg_v7_pilot9","37C0GNLMHF4WAUWM0BNT7KK7F146DW","RABIES","4","25","18","0","2018-05-25 16:02:35","57574"
"A18WCPDCDP4IAS","cs_wg_v7_pilot9","37C0GNLMHF4WAUWM0BNT7KK7F146DW","GOLDEN","11","15","23","0","2018-05-25 16:02:36","57575"
"A18WCPDCDP4IAS","cs_wg_v7_pilot9","37C0GNLMHF4WAUWM0BNT7KK7F146DW","POPCORN","10","11","12","0","2018-05-25 16:02:36","57576"
"A18WCPDCDP4IAS","cs_wg_v7_pilot9","37C0GNLMHF4WAUWM0BNT7KK7F146DW","INFERNO","6","21","9","0","2018-05-25 16:02:36","57577"
"A18WCPDCDP4IAS","cs_wg_v7_pilot9","37C0GNLMHF4WAUWM0BNT7KK7F146DW","UNHAPPY","9","19","11","0","2018-05-25 16:02:36","57578"
"A18WCPDCDP4IAS","cs_wg_v7_pilot9","37C0GNLMHF4WAUWM0BNT7KK7F146DW","STEREOTYPE","7","22","2","0","2018-05-25 16:02:36","57579"
"A18WCPDCDP4IAS","cs_wg_v7_pilot9","37C0GNLMHF4WAUWM0BNT7KK7F146DW","SMOKER","8","12","16","0","2018-05-25 16:02:36","57580"
"A2CWJRAEFZ44HU","cs_wg_v7_pilot9","33JKGHPFYCV7L98RCL8DSLTNJ4DNMV","MAILMAN","0","18","14","0","2018-05-25 16:03:00","57582"
"A2CWJRAEFZ44HU","cs_wg_v7_pilot9","33JKGHPFYCV7L98RCL8DSLTNJ4DNMV","WEAPON","2","26","11","0","2018-05-25 16:03:00","57581"
"A2CWJRAEFZ44HU","cs_wg_v7_pilot9","33JKGHPFYCV7L98RCL8DSLTNJ4DNMV","DOGSLED","1","20","15","0","2018-05-25 16:03:00","57583"
"A2CWJRAEFZ44HU","cs_wg_v7_pilot9","33JKGHPFYCV7L98RCL8DSLTNJ4DNMV","LIPSTICK","3","11","18","0","2018-05-25 16:03:00","57584"
"A2CWJRAEFZ44HU","cs_wg_v7_pilot9","33JKGHPFYCV7L98RCL8DSLTNJ4DNMV","RABIES","4","25","18","0","2018-05-25 16:03:00","57585"
"A2CWJRAEFZ44HU","cs_wg_v7_pilot9","33JKGHPFYCV7L98RCL8DSLTNJ4DNMV","FILMMAKER","5","15","16","0","2018-05-25 16:03:00","57586"
"A2CWJRAEFZ44HU","cs_wg_v7_pilot9","33JKGHPFYCV7L98RCL8DSLTNJ4DNMV","SMOKER","8","12","16","0","2018-05-25 16:03:00","57587"
"A2CWJRAEFZ44HU","cs_wg_v7_pilot9","33JKGHPFYCV7L98RCL8DSLTNJ4DNMV","STEREOTYPE","7","22","2","0","2018-05-25 16:03:00","57588"
"A2CWJRAEFZ44HU","cs_wg_v7_pilot9","33JKGHPFYCV7L98RCL8DSLTNJ4DNMV","INFERNO","6","21","9","0","2018-05-25 16:03:00","57589"
"A2CWJRAEFZ44HU","cs_wg_v7_pilot9","33JKGHPFYCV7L98RCL8DSLTNJ4DNMV","UNHAPPY","9","19","11","0","2018-05-25 16:03:00","57590"
"A2CWJRAEFZ44HU","cs_wg_v7_pilot9","33JKGHPFYCV7L98RCL8DSLTNJ4DNMV","GOLDEN","11","15","23","0","2018-05-25 16:03:00","57591"
"A2CWJRAEFZ44HU","cs_wg_v7_pilot9","33JKGHPFYCV7L98RCL8DSLTNJ4DNMV","POPCORN","10","11","12","0","2018-05-25 16:03:00","57592"
"A1451U8DQFT38Z","cs_wg_v7_pilot9","3HHRAGRYX86AWAP9OR4L2ON89FB9OX","LIPSTICK","3","16","9","0","2018-05-25 16:03:17","57593"
"A1451U8DQFT38Z","cs_wg_v7_pilot9","3HHRAGRYX86AWAP9OR4L2ON89FB9OX","WEAPON","2","1","16","0","2018-05-25 16:03:17","57594"
"A1451U8DQFT38Z","cs_wg_v7_pilot9","3HHRAGRYX86AWAP9OR4L2ON89FB9OX","MAILMAN","0","9","13","0","2018-05-25 16:03:17","57595"
"A1451U8DQFT38Z","cs_wg_v7_pilot9","3HHRAGRYX86AWAP9OR4L2ON89FB9OX","FILMMAKER","5","12","11","0","2018-05-25 16:03:17","57596"
"A1451U8DQFT38Z","cs_wg_v7_pilot9","3HHRAGRYX86AWAP9OR4L2ON89FB9OX","DOGSLED","1","7","12","0","2018-05-25 16:03:17","57597"
"A1451U8DQFT38Z","cs_wg_v7_pilot9","3HHRAGRYX86AWAP9OR4L2ON89FB9OX","RABIES","4","2","9","0","2018-05-25 16:03:17","57598"
"A1451U8DQFT38Z","cs_wg_v7_pilot9","3HHRAGRYX86AWAP9OR4L2ON89FB9OX","STEREOTYPE","7","5","25","0","2018-05-25 16:03:18","57599"
"A1451U8DQFT38Z","cs_wg_v7_pilot9","3HHRAGRYX86AWAP9OR4L2ON89FB9OX","UNHAPPY","9","8","16","0","2018-05-25 16:03:18","57600"
"A1451U8DQFT38Z","cs_wg_v7_pilot9","3HHRAGRYX86AWAP9OR4L2ON89FB9OX","SMOKER","8","15","11","0","2018-05-25 16:03:18","57601"
"A1451U8DQFT38Z","cs_wg_v7_pilot9","3HHRAGRYX86AWAP9OR4L2ON89FB9OX","GOLDEN","11","12","4","0","2018-05-25 16:03:18","57602"
"A1451U8DQFT38Z","cs_wg_v7_pilot9","3HHRAGRYX86AWAP9OR4L2ON89FB9OX","INFERNO","6","6","18","0","2018-05-25 16:03:18","57603"
"A1451U8DQFT38Z","cs_wg_v7_pilot9","3HHRAGRYX86AWAP9OR4L2ON89FB9OX","POPCORN","10","16","15","0","2018-05-25 16:03:18","57604"
"AA0L04OMSAXH5","cs_wg_v7_pilot9","3NKQQ8O39Y6HC5MNWTLWNQYNIMEUDC","MAILMAN","0","18","13","0","2018-05-25 16:04:38","57605"
"AA0L04OMSAXH5","cs_wg_v7_pilot9","3NKQQ8O39Y6HC5MNWTLWNQYNIMEUDC","DOGSLED","1","20","12","0","2018-05-25 16:04:38","57606"
"AA0L04OMSAXH5","cs_wg_v7_pilot9","3NKQQ8O39Y6HC5MNWTLWNQYNIMEUDC","WEAPON","2","26","16","0","2018-05-25 16:04:38","57607"
"AA0L04OMSAXH5","cs_wg_v7_pilot9","3NKQQ8O39Y6HC5MNWTLWNQYNIMEUDC","LIPSTICK","3","11","9","0","2018-05-25 16:04:38","57608"
"AA0L04OMSAXH5","cs_wg_v7_pilot9","3NKQQ8O39Y6HC5MNWTLWNQYNIMEUDC","RABIES","4","25","9","0","2018-05-25 16:04:38","57609"
"AA0L04OMSAXH5","cs_wg_v7_pilot9","3NKQQ8O39Y6HC5MNWTLWNQYNIMEUDC","FILMMAKER","5","15","11","0","2018-05-25 16:04:38","57610"
"AA0L04OMSAXH5","cs_wg_v7_pilot9","3NKQQ8O39Y6HC5MNWTLWNQYNIMEUDC","INFERNO","6","21","18","0","2018-05-25 16:04:38","57611"
"AA0L04OMSAXH5","cs_wg_v7_pilot9","3NKQQ8O39Y6HC5MNWTLWNQYNIMEUDC","STEREOTYPE","7","22","25","0","2018-05-25 16:04:38","57612"
"AA0L04OMSAXH5","cs_wg_v7_pilot9","3NKQQ8O39Y6HC5MNWTLWNQYNIMEUDC","SMOKER","8","12","11","0","2018-05-25 16:04:38","57613"
"AA0L04OMSAXH5","cs_wg_v7_pilot9","3NKQQ8O39Y6HC5MNWTLWNQYNIMEUDC","UNHAPPY","9","19","16","0","2018-05-25 16:04:38","57614"
"AA0L04OMSAXH5","cs_wg_v7_pilot9","3NKQQ8O39Y6HC5MNWTLWNQYNIMEUDC","POPCORN","10","11","15","0","2018-05-25 16:04:38","57615"
"AA0L04OMSAXH5","cs_wg_v7_pilot9","3NKQQ8O39Y6HC5MNWTLWNQYNIMEUDC","GOLDEN","11","15","4","0","2018-05-25 16:04:39","57616"
"A3R20AEJRD29WW","cs_wg_v7_pilot9","3K2755HG5S4STNPX14QX1QXK8ZZFDY","MAILMAN","0","18","14","0","2018-05-25 16:04:44","57617"
"A3R20AEJRD29WW","cs_wg_v7_pilot9","3K2755HG5S4STNPX14QX1QXK8ZZFDY","DOGSLED","1","20","15","0","2018-05-25 16:04:44","57618"
"A3R20AEJRD29WW","cs_wg_v7_pilot9","3K2755HG5S4STNPX14QX1QXK8ZZFDY","RABIES","4","25","18","0","2018-05-25 16:04:44","57619"
"A3R20AEJRD29WW","cs_wg_v7_pilot9","3K2755HG5S4STNPX14QX1QXK8ZZFDY","LIPSTICK","3","11","18","0","2018-05-25 16:04:44","57620"
"A3R20AEJRD29WW","cs_wg_v7_pilot9","3K2755HG5S4STNPX14QX1QXK8ZZFDY","WEAPON","2","26","11","0","2018-05-25 16:04:44","57621"
"A3R20AEJRD29WW","cs_wg_v7_pilot9","3K2755HG5S4STNPX14QX1QXK8ZZFDY","FILMMAKER","5","15","16","0","2018-05-25 16:04:44","57622"
"A3R20AEJRD29WW","cs_wg_v7_pilot9","3K2755HG5S4STNPX14QX1QXK8ZZFDY","INFERNO","6","21","9","0","2018-05-25 16:04:44","57623"
"A3R20AEJRD29WW","cs_wg_v7_pilot9","3K2755HG5S4STNPX14QX1QXK8ZZFDY","STEREOTYPE","7","22","2","0","2018-05-25 16:04:44","57624"
"A3R20AEJRD29WW","cs_wg_v7_pilot9","3K2755HG5S4STNPX14QX1QXK8ZZFDY","SMOKER","8","12","16","0","2018-05-25 16:04:44","57625"
"A3R20AEJRD29WW","cs_wg_v7_pilot9","3K2755HG5S4STNPX14QX1QXK8ZZFDY","UNHAPPY","9","19","11","0","2018-05-25 16:04:44","57626"
"A3R20AEJRD29WW","cs_wg_v7_pilot9","3K2755HG5S4STNPX14QX1QXK8ZZFDY","POPCORN","10","11","12","0","2018-05-25 16:04:44","57627"
"A3R20AEJRD29WW","cs_wg_v7_pilot9","3K2755HG5S4STNPX14QX1QXK8ZZFDY","GOLDEN","11","15","23","0","2018-05-25 16:04:44","57628"
"A28LPPFS7FW2SD","cs_wg_v7_pilot9","3AUQQEL7U5UNQ0ATP77645GN24EV09","FILMMAKER","5","12","11","0","2018-05-25 16:05:13","57630"
"A28LPPFS7FW2SD","cs_wg_v7_pilot9","3AUQQEL7U5UNQ0ATP77645GN24EV09","RABIES","4","2","9","0","2018-05-25 16:05:13","57629"
"A28LPPFS7FW2SD","cs_wg_v7_pilot9","3AUQQEL7U5UNQ0ATP77645GN24EV09","MAILMAN","0","9","13","0","2018-05-25 16:05:13","57631"
"A28LPPFS7FW2SD","cs_wg_v7_pilot9","3AUQQEL7U5UNQ0ATP77645GN24EV09","LIPSTICK","3","16","9","0","2018-05-25 16:05:13","57632"
"A28LPPFS7FW2SD","cs_wg_v7_pilot9","3AUQQEL7U5UNQ0ATP77645GN24EV09","WEAPON","2","1","16","0","2018-05-25 16:05:13","57633"
"A28LPPFS7FW2SD","cs_wg_v7_pilot9","3AUQQEL7U5UNQ0ATP77645GN24EV09","DOGSLED","1","7","12","0","2018-05-25 16:05:13","57634"
"A28LPPFS7FW2SD","cs_wg_v7_pilot9","3AUQQEL7U5UNQ0ATP77645GN24EV09","INFERNO","6","6","18","0","2018-05-25 16:05:13","57635"
"A28LPPFS7FW2SD","cs_wg_v7_pilot9","3AUQQEL7U5UNQ0ATP77645GN24EV09","SMOKER","8","15","11","0","2018-05-25 16:05:13","57636"
"A28LPPFS7FW2SD","cs_wg_v7_pilot9","3AUQQEL7U5UNQ0ATP77645GN24EV09","POPCORN","10","16","15","0","2018-05-25 16:05:13","57637"
"A28LPPFS7FW2SD","cs_wg_v7_pilot9","3AUQQEL7U5UNQ0ATP77645GN24EV09","STEREOTYPE","7","5","25","0","2018-05-25 16:05:13","57638"
"A28LPPFS7FW2SD","cs_wg_v7_pilot9","3AUQQEL7U5UNQ0ATP77645GN24EV09","UNHAPPY","9","8","16","0","2018-05-25 16:05:13","57639"
"A28LPPFS7FW2SD","cs_wg_v7_pilot9","3AUQQEL7U5UNQ0ATP77645GN24EV09","GOLDEN","11","12","4","0","2018-05-25 16:05:13","57640"
"A2KROBPV0YPE4A","cs_wg_v7_pilot9","3RANCT1ZVFIOX8O3IXUQS0ANF15BUP","MAILMAN","0","9","14","0","2018-05-25 16:06:35","57641"
"A2KROBPV0YPE4A","cs_wg_v7_pilot9","3RANCT1ZVFIOX8O3IXUQS0ANF15BUP","LIPSTICK","3","16","18","0","2018-05-25 16:06:35","57642"
"A2KROBPV0YPE4A","cs_wg_v7_pilot9","3RANCT1ZVFIOX8O3IXUQS0ANF15BUP","FILMMAKER","5","12","16","0","2018-05-25 16:06:35","57643"
"A2KROBPV0YPE4A","cs_wg_v7_pilot9","3RANCT1ZVFIOX8O3IXUQS0ANF15BUP","DOGSLED","1","7","15","0","2018-05-25 16:06:35","57644"
"A2KROBPV0YPE4A","cs_wg_v7_pilot9","3RANCT1ZVFIOX8O3IXUQS0ANF15BUP","WEAPON","2","1","11","0","2018-05-25 16:06:35","57645"
"A2KROBPV0YPE4A","cs_wg_v7_pilot9","3RANCT1ZVFIOX8O3IXUQS0ANF15BUP","RABIES","4","2","18","0","2018-05-25 16:06:35","57646"
"A2KROBPV0YPE4A","cs_wg_v7_pilot9","3RANCT1ZVFIOX8O3IXUQS0ANF15BUP","INFERNO","6","6","9","0","2018-05-25 16:06:36","57647"
"A2KROBPV0YPE4A","cs_wg_v7_pilot9","3RANCT1ZVFIOX8O3IXUQS0ANF15BUP","UNHAPPY","9","8","11","0","2018-05-25 16:06:36","57648"
"A2KROBPV0YPE4A","cs_wg_v7_pilot9","3RANCT1ZVFIOX8O3IXUQS0ANF15BUP","POPCORN","10","16","12","0","2018-05-25 16:06:36","57649"
"A2KROBPV0YPE4A","cs_wg_v7_pilot9","3RANCT1ZVFIOX8O3IXUQS0ANF15BUP","GOLDEN","11","12","23","0","2018-05-25 16:06:36","57650"
"A2KROBPV0YPE4A","cs_wg_v7_pilot9","3RANCT1ZVFIOX8O3IXUQS0ANF15BUP","STEREOTYPE","7","5","2","0","2018-05-25 16:06:36","57651"
"A2KROBPV0YPE4A","cs_wg_v7_pilot9","3RANCT1ZVFIOX8O3IXUQS0ANF15BUP","SMOKER","8","15","16","0","2018-05-25 16:06:36","57652"
"A3IOZ6QOSLDUM7","cs_wg_v7_pilot9","3VNL7UK1XFKZACLUNUQC6UF6BMVFTR","MAILMAN","0","18","14","0","2018-05-25 16:07:16","57653"
"A3IOZ6QOSLDUM7","cs_wg_v7_pilot9","3VNL7UK1XFKZACLUNUQC6UF6BMVFTR","LIPSTICK","3","11","18","0","2018-05-25 16:07:16","57654"
"A3IOZ6QOSLDUM7","cs_wg_v7_pilot9","3VNL7UK1XFKZACLUNUQC6UF6BMVFTR","RABIES","4","25","18","0","2018-05-25 16:07:16","57655"
"A3IOZ6QOSLDUM7","cs_wg_v7_pilot9","3VNL7UK1XFKZACLUNUQC6UF6BMVFTR","FILMMAKER","5","15","16","0","2018-05-25 16:07:16","57656"
"A3IOZ6QOSLDUM7","cs_wg_v7_pilot9","3VNL7UK1XFKZACLUNUQC6UF6BMVFTR","WEAPON","2","26","11","0","2018-05-25 16:07:16","57657"
"A3IOZ6QOSLDUM7","cs_wg_v7_pilot9","3VNL7UK1XFKZACLUNUQC6UF6BMVFTR","DOGSLED","1","20","15","0","2018-05-25 16:07:16","57658"
"A3IOZ6QOSLDUM7","cs_wg_v7_pilot9","3VNL7UK1XFKZACLUNUQC6UF6BMVFTR","INFERNO","6","21","9","0","2018-05-25 16:07:16","57659"
"A3IOZ6QOSLDUM7","cs_wg_v7_pilot9","3VNL7UK1XFKZACLUNUQC6UF6BMVFTR","STEREOTYPE","7","22","2","0","2018-05-25 16:07:16","57660"
"A3IOZ6QOSLDUM7","cs_wg_v7_pilot9","3VNL7UK1XFKZACLUNUQC6UF6BMVFTR","UNHAPPY","9","19","11","0","2018-05-25 16:07:17","57662"
"A3IOZ6QOSLDUM7","cs_wg_v7_pilot9","3VNL7UK1XFKZACLUNUQC6UF6BMVFTR","SMOKER","8","12","16","0","2018-05-25 16:07:17","57661"
"A3IOZ6QOSLDUM7","cs_wg_v7_pilot9","3VNL7UK1XFKZACLUNUQC6UF6BMVFTR","POPCORN","10","11","12","0","2018-05-25 16:07:17","57663"
"A3IOZ6QOSLDUM7","cs_wg_v7_pilot9","3VNL7UK1XFKZACLUNUQC6UF6BMVFTR","GOLDEN","11","15","23","0","2018-05-25 16:07:17","57664"
"A1JGA15NKUP0BB","cs_wg_v7_pilot9","3LPW2N6LKT3M8S7UHN3DPEAV55GU54","MAILMAN","0","9","13","0","2018-05-25 16:09:10","57665"
"A1JGA15NKUP0BB","cs_wg_v7_pilot9","3LPW2N6LKT3M8S7UHN3DPEAV55GU54","DOGSLED","1","7","12","0","2018-05-25 16:09:10","57666"
"A1JGA15NKUP0BB","cs_wg_v7_pilot9","3LPW2N6LKT3M8S7UHN3DPEAV55GU54","FILMMAKER","5","12","11","0","2018-05-25 16:09:10","57667"
"A1JGA15NKUP0BB","cs_wg_v7_pilot9","3LPW2N6LKT3M8S7UHN3DPEAV55GU54","RABIES","4","2","9","0","2018-05-25 16:09:10","57668"
"A1JGA15NKUP0BB","cs_wg_v7_pilot9","3LPW2N6LKT3M8S7UHN3DPEAV55GU54","WEAPON","2","1","16","0","2018-05-25 16:09:10","57669"
"A1JGA15NKUP0BB","cs_wg_v7_pilot9","3LPW2N6LKT3M8S7UHN3DPEAV55GU54","LIPSTICK","3","16","9","0","2018-05-25 16:09:10","57670"
"A1JGA15NKUP0BB","cs_wg_v7_pilot9","3LPW2N6LKT3M8S7UHN3DPEAV55GU54","INFERNO","6","6","18","0","2018-05-25 16:09:10","57671"
"A1JGA15NKUP0BB","cs_wg_v7_pilot9","3LPW2N6LKT3M8S7UHN3DPEAV55GU54","UNHAPPY","9","8","16","0","2018-05-25 16:09:11","57673"
"A1JGA15NKUP0BB","cs_wg_v7_pilot9","3LPW2N6LKT3M8S7UHN3DPEAV55GU54","SMOKER","8","15","11","0","2018-05-25 16:09:11","57672"
"A1JGA15NKUP0BB","cs_wg_v7_pilot9","3LPW2N6LKT3M8S7UHN3DPEAV55GU54","STEREOTYPE","7","5","25","0","2018-05-25 16:09:11","57674"
"A1JGA15NKUP0BB","cs_wg_v7_pilot9","3LPW2N6LKT3M8S7UHN3DPEAV55GU54","POPCORN","10","16","15","0","2018-05-25 16:09:11","57675"
"A1JGA15NKUP0BB","cs_wg_v7_pilot9","3LPW2N6LKT3M8S7UHN3DPEAV55GU54","GOLDEN","11","12","4","0","2018-05-25 16:09:11","57676"
"A1JGA15NKUP0BB
","cs_wg_v7_pilot9","3LPW2N6LKT3M8S7UHN3DPEAV55GU54","MAILMAN","0","9","14","0","2018-05-25 16:11:05","57677"
"A1JGA15NKUP0BB
","cs_wg_v7_pilot9","3LPW2N6LKT3M8S7UHN3DPEAV55GU54","DOGSLED","1","7","15","0","2018-05-25 16:11:06","57678"
"A1JGA15NKUP0BB
","cs_wg_v7_pilot9","3LPW2N6LKT3M8S7UHN3DPEAV55GU54","WEAPON","2","1","11","0","2018-05-25 16:11:06","57679"
"A1JGA15NKUP0BB
","cs_wg_v7_pilot9","3LPW2N6LKT3M8S7UHN3DPEAV55GU54","LIPSTICK","3","16","18","0","2018-05-25 16:11:06","57680"
"A1JGA15NKUP0BB
","cs_wg_v7_pilot9","3LPW2N6LKT3M8S7UHN3DPEAV55GU54","RABIES","4","2","18","0","2018-05-25 16:11:06","57681"
"A1JGA15NKUP0BB
","cs_wg_v7_pilot9","3LPW2N6LKT3M8S7UHN3DPEAV55GU54","FILMMAKER","5","12","16","0","2018-05-25 16:11:06","57682"
"A1JGA15NKUP0BB
","cs_wg_v7_pilot9","3LPW2N6LKT3M8S7UHN3DPEAV55GU54","INFERNO","6","6","9","0","2018-05-25 16:11:06","57683"
"A1JGA15NKUP0BB
","cs_wg_v7_pilot9","3LPW2N6LKT3M8S7UHN3DPEAV55GU54","SMOKER","8","15","16","0","2018-05-25 16:11:06","57684"
"A1JGA15NKUP0BB
","cs_wg_v7_pilot9","3LPW2N6LKT3M8S7UHN3DPEAV55GU54","STEREOTYPE","7","5","2","0","2018-05-25 16:11:06","57685"
"A1JGA15NKUP0BB
","cs_wg_v7_pilot9","3LPW2N6LKT3M8S7UHN3DPEAV55GU54","UNHAPPY","9","8","11","0","2018-05-25 16:11:06","57686"
"A1JGA15NKUP0BB
","cs_wg_v7_pilot9","3LPW2N6LKT3M8S7UHN3DPEAV55GU54","POPCORN","10","16","12","0","2018-05-25 16:11:06","57687"
"A1JGA15NKUP0BB
","cs_wg_v7_pilot9","3LPW2N6LKT3M8S7UHN3DPEAV55GU54","GOLDEN","11","12","23","0","2018-05-25 16:11:06","57688"
"A11WC9ZQ6ZEJ1R","cs_wg_v7_pilot9","323Q6SJS8IH953UZN09NSBCI0S9HFS","FILMMAKER","5","15","11","0","2018-05-25 16:12:31","57689"
"A11WC9ZQ6ZEJ1R","cs_wg_v7_pilot9","323Q6SJS8IH953UZN09NSBCI0S9HFS","WEAPON","2","26","16","0","2018-05-25 16:12:31","57690"
"A11WC9ZQ6ZEJ1R","cs_wg_v7_pilot9","323Q6SJS8IH953UZN09NSBCI0S9HFS","LIPSTICK","3","11","9","0","2018-05-25 16:12:31","57691"
"A11WC9ZQ6ZEJ1R","cs_wg_v7_pilot9","323Q6SJS8IH953UZN09NSBCI0S9HFS","DOGSLED","1","20","12","0","2018-05-25 16:12:31","57692"
"A11WC9ZQ6ZEJ1R","cs_wg_v7_pilot9","323Q6SJS8IH953UZN09NSBCI0S9HFS","RABIES","4","25","9","0","2018-05-25 16:12:31","57693"
"A11WC9ZQ6ZEJ1R","cs_wg_v7_pilot9","323Q6SJS8IH953UZN09NSBCI0S9HFS","MAILMAN","0","18","13","0","2018-05-25 16:12:31","57694"
"A11WC9ZQ6ZEJ1R","cs_wg_v7_pilot9","323Q6SJS8IH953UZN09NSBCI0S9HFS","POPCORN","10","11","15","0","2018-05-25 16:12:32","57695"
"A11WC9ZQ6ZEJ1R","cs_wg_v7_pilot9","323Q6SJS8IH953UZN09NSBCI0S9HFS","GOLDEN","11","15","4","0","2018-05-25 16:12:32","57696"
"A11WC9ZQ6ZEJ1R","cs_wg_v7_pilot9","323Q6SJS8IH953UZN09NSBCI0S9HFS","INFERNO","6","21","18","0","2018-05-25 16:12:32","57697"
"A11WC9ZQ6ZEJ1R","cs_wg_v7_pilot9","323Q6SJS8IH953UZN09NSBCI0S9HFS","SMOKER","8","12","11","0","2018-05-25 16:12:32","57698"
"A11WC9ZQ6ZEJ1R","cs_wg_v7_pilot9","323Q6SJS8IH953UZN09NSBCI0S9HFS","STEREOTYPE","7","22","25","0","2018-05-25 16:12:32","57699"
"A11WC9ZQ6ZEJ1R","cs_wg_v7_pilot9","323Q6SJS8IH953UZN09NSBCI0S9HFS","UNHAPPY","9","19","16","0","2018-05-25 16:12:32","57700"
"gyhinjokml","cs_wg_v7_pilot9","3I33IC7ZWF3AUMA9TZKOR6VPESXA27","MAILMAN","0","9","13","0","2018-05-25 16:13:47","57701"
"gyhinjokml","cs_wg_v7_pilot9","3I33IC7ZWF3AUMA9TZKOR6VPESXA27","DOGSLED","1","7","12","0","2018-05-25 16:13:47","57702"
"gyhinjokml","cs_wg_v7_pilot9","3I33IC7ZWF3AUMA9TZKOR6VPESXA27","LIPSTICK","3","16","9","0","2018-05-25 16:13:47","57703"
"gyhinjokml","cs_wg_v7_pilot9","3I33IC7ZWF3AUMA9TZKOR6VPESXA27","RABIES","4","2","9","0","2018-05-25 16:13:47","57704"
"gyhinjokml","cs_wg_v7_pilot9","3I33IC7ZWF3AUMA9TZKOR6VPESXA27","WEAPON","2","1","16","0","2018-05-25 16:13:47","57705"
"gyhinjokml","cs_wg_v7_pilot9","3I33IC7ZWF3AUMA9TZKOR6VPESXA27","FILMMAKER","5","12","11","0","2018-05-25 16:13:47","57706"
"gyhinjokml","cs_wg_v7_pilot9","3I33IC7ZWF3AUMA9TZKOR6VPESXA27","STEREOTYPE","7","5","25","0","2018-05-25 16:13:47","57707"
"gyhinjokml","cs_wg_v7_pilot9","3I33IC7ZWF3AUMA9TZKOR6VPESXA27","INFERNO","6","6","18","0","2018-05-25 16:13:47","57708"
"gyhinjokml","cs_wg_v7_pilot9","3I33IC7ZWF3AUMA9TZKOR6VPESXA27","SMOKER","8","15","11","0","2018-05-25 16:13:47","57709"
"gyhinjokml","cs_wg_v7_pilot9","3I33IC7ZWF3AUMA9TZKOR6VPESXA27","UNHAPPY","9","8","16","0","2018-05-25 16:13:47","57710"
"gyhinjokml","cs_wg_v7_pilot9","3I33IC7ZWF3AUMA9TZKOR6VPESXA27","POPCORN","10","16","15","0","2018-05-25 16:13:47","57711"
"gyhinjokml","cs_wg_v7_pilot9","3I33IC7ZWF3AUMA9TZKOR6VPESXA27","GOLDEN","11","12","4","0","2018-05-25 16:13:47","57712"
"A3BMN3M7WR6ISR","cs_wg_v7_pilot9","39ASUFLU6X8ELFUIXT73DFFCCGZEXK","MAILMAN","0","18","14","0","2018-05-25 16:14:21","57713"
"A3BMN3M7WR6ISR","cs_wg_v7_pilot9","39ASUFLU6X8ELFUIXT73DFFCCGZEXK","LIPSTICK","3","11","18","0","2018-05-25 16:14:21","57714"
"A3BMN3M7WR6ISR","cs_wg_v7_pilot9","39ASUFLU6X8ELFUIXT73DFFCCGZEXK","WEAPON","2","26","11","0","2018-05-25 16:14:21","57715"
"A3BMN3M7WR6ISR","cs_wg_v7_pilot9","39ASUFLU6X8ELFUIXT73DFFCCGZEXK","DOGSLED","1","20","15","0","2018-05-25 16:14:21","57716"
"A3BMN3M7WR6ISR","cs_wg_v7_pilot9","39ASUFLU6X8ELFUIXT73DFFCCGZEXK","FILMMAKER","5","15","16","0","2018-05-25 16:14:21","57717"
"A3BMN3M7WR6ISR","cs_wg_v7_pilot9","39ASUFLU6X8ELFUIXT73DFFCCGZEXK","RABIES","4","25","18","0","2018-05-25 16:14:21","57718"
"A3BMN3M7WR6ISR","cs_wg_v7_pilot9","39ASUFLU6X8ELFUIXT73DFFCCGZEXK","INFERNO","6","21","9","0","2018-05-25 16:14:21","57719"
"A3BMN3M7WR6ISR","cs_wg_v7_pilot9","39ASUFLU6X8ELFUIXT73DFFCCGZEXK","UNHAPPY","9","19","11","0","2018-05-25 16:14:21","57720"
"A3BMN3M7WR6ISR","cs_wg_v7_pilot9","39ASUFLU6X8ELFUIXT73DFFCCGZEXK","POPCORN","10","11","12","0","2018-05-25 16:14:21","57721"
"A3BMN3M7WR6ISR","cs_wg_v7_pilot9","39ASUFLU6X8ELFUIXT73DFFCCGZEXK","STEREOTYPE","7","22","2","0","2018-05-25 16:14:21","57722"
"A3BMN3M7WR6ISR","cs_wg_v7_pilot9","39ASUFLU6X8ELFUIXT73DFFCCGZEXK","SMOKER","8","12","16","0","2018-05-25 16:14:21","57723"
"A3BMN3M7WR6ISR","cs_wg_v7_pilot9","39ASUFLU6X8ELFUIXT73DFFCCGZEXK","GOLDEN","11","15","23","0","2018-05-25 16:14:21","57724"
"A33DSCVAUOWIQY","cs_wg_v7_pilot9","33JKGHPFYCV7L98RCL8DSLTNJ4DNMV","MAILMAN","0","9","13","0","2018-05-25 16:16:37","57725"
"A33DSCVAUOWIQY","cs_wg_v7_pilot9","33JKGHPFYCV7L98RCL8DSLTNJ4DNMV","DOGSLED","1","7","12","0","2018-05-25 16:16:37","57726"
"A33DSCVAUOWIQY","cs_wg_v7_pilot9","33JKGHPFYCV7L98RCL8DSLTNJ4DNMV","WEAPON","2","1","16","0","2018-05-25 16:16:37","57727"
"A33DSCVAUOWIQY","cs_wg_v7_pilot9","33JKGHPFYCV7L98RCL8DSLTNJ4DNMV","INFERNO","6","6","18","0","2018-05-25 16:16:37","57728"
"A33DSCVAUOWIQY","cs_wg_v7_pilot9","33JKGHPFYCV7L98RCL8DSLTNJ4DNMV","UNHAPPY","9","8","16","0","2018-05-25 16:16:37","57729"
"A33DSCVAUOWIQY","cs_wg_v7_pilot9","33JKGHPFYCV7L98RCL8DSLTNJ4DNMV","FILMMAKER","5","12","11","0","2018-05-25 16:16:39","57730"
"A33DSCVAUOWIQY","cs_wg_v7_pilot9","33JKGHPFYCV7L98RCL8DSLTNJ4DNMV","LIPSTICK","3","16","9","0","2018-05-25 16:16:39","57731"
"A33DSCVAUOWIQY","cs_wg_v7_pilot9","33JKGHPFYCV7L98RCL8DSLTNJ4DNMV","SMOKER","8","15","11","0","2018-05-25 16:16:39","57732"
"A33DSCVAUOWIQY","cs_wg_v7_pilot9","33JKGHPFYCV7L98RCL8DSLTNJ4DNMV","STEREOTYPE","7","5","25","0","2018-05-25 16:16:40","57733"
"A33DSCVAUOWIQY","cs_wg_v7_pilot9","33JKGHPFYCV7L98RCL8DSLTNJ4DNMV","POPCORN","10","16","15","0","2018-05-25 16:16:40","57734"
"A33DSCVAUOWIQY","cs_wg_v7_pilot9","33JKGHPFYCV7L98RCL8DSLTNJ4DNMV","RABIES","4","2","9","0","2018-05-25 16:16:40","57735"
"A33DSCVAUOWIQY","cs_wg_v7_pilot9","33JKGHPFYCV7L98RCL8DSLTNJ4DNMV","GOLDEN","11","12","4","0","2018-05-25 16:16:42","57736"
"A36MOV8E6SYHCR","cs_wg_v7_pilot9","3LQ8PUHQFLTTFUWPO8F8V8PAGKRIHA","FILMMAKER","5","15","16","0","2018-05-25 16:20:34","57737"
"A36MOV8E6SYHCR","cs_wg_v7_pilot9","3LQ8PUHQFLTTFUWPO8F8V8PAGKRIHA","WEAPON","2","26","11","0","2018-05-25 16:20:34","57738"
"A36MOV8E6SYHCR","cs_wg_v7_pilot9","3LQ8PUHQFLTTFUWPO8F8V8PAGKRIHA","MAILMAN","0","18","14","0","2018-05-25 16:20:34","57739"
"A36MOV8E6SYHCR","cs_wg_v7_pilot9","3LQ8PUHQFLTTFUWPO8F8V8PAGKRIHA","LIPSTICK","3","11","18","0","2018-05-25 16:20:34","57740"
"A36MOV8E6SYHCR","cs_wg_v7_pilot9","3LQ8PUHQFLTTFUWPO8F8V8PAGKRIHA","UNHAPPY","9","19","11","0","2018-05-25 16:20:35","57741"
"A36MOV8E6SYHCR","cs_wg_v7_pilot9","3LQ8PUHQFLTTFUWPO8F8V8PAGKRIHA","INFERNO","6","21","9","0","2018-05-25 16:20:35","57742"
"A36MOV8E6SYHCR","cs_wg_v7_pilot9","3LQ8PUHQFLTTFUWPO8F8V8PAGKRIHA","SMOKER","8","12","16","0","2018-05-25 16:20:35","57743"
"A36MOV8E6SYHCR","cs_wg_v7_pilot9","3LQ8PUHQFLTTFUWPO8F8V8PAGKRIHA","STEREOTYPE","7","22","2","0","2018-05-25 16:20:35","57744"
"A36MOV8E6SYHCR","cs_wg_v7_pilot9","3LQ8PUHQFLTTFUWPO8F8V8PAGKRIHA","DOGSLED","1","20","15","0","2018-05-25 16:20:35","57745"
"A36MOV8E6SYHCR","cs_wg_v7_pilot9","3LQ8PUHQFLTTFUWPO8F8V8PAGKRIHA","RABIES","4","25","18","0","2018-05-25 16:20:35","57746"
"A36MOV8E6SYHCR","cs_wg_v7_pilot9","3LQ8PUHQFLTTFUWPO8F8V8PAGKRIHA","POPCORN","10","11","12","0","2018-05-25 16:20:35","57747"
"A36MOV8E6SYHCR","cs_wg_v7_pilot9","3LQ8PUHQFLTTFUWPO8F8V8PAGKRIHA","GOLDEN","11","15","23","0","2018-05-25 16:20:35","57748"
"AOCRGFJ7XSJUM","cs_wg_v7_pilot9","3HL8HNGX452GQXCGPOLVFUEUHEKF9H","MAILMAN","0","18","14","0","2018-05-25 16:29:05","57749"
"AOCRGFJ7XSJUM","cs_wg_v7_pilot9","3HL8HNGX452GQXCGPOLVFUEUHEKF9H","DOGSLED","1","20","15","0","2018-05-25 16:29:06","57750"
"AOCRGFJ7XSJUM","cs_wg_v7_pilot9","3HL8HNGX452GQXCGPOLVFUEUHEKF9H","WEAPON","2","26","11","0","2018-05-25 16:29:06","57751"
"AOCRGFJ7XSJUM","cs_wg_v7_pilot9","3HL8HNGX452GQXCGPOLVFUEUHEKF9H","LIPSTICK","3","11","18","0","2018-05-25 16:29:06","57752"
"AOCRGFJ7XSJUM","cs_wg_v7_pilot9","3HL8HNGX452GQXCGPOLVFUEUHEKF9H","RABIES","4","25","18","0","2018-05-25 16:29:06","57753"
"AOCRGFJ7XSJUM","cs_wg_v7_pilot9","3HL8HNGX452GQXCGPOLVFUEUHEKF9H","FILMMAKER","5","15","16","0","2018-05-25 16:29:06","57754"
"AOCRGFJ7XSJUM","cs_wg_v7_pilot9","3HL8HNGX452GQXCGPOLVFUEUHEKF9H","INFERNO","6","21","9","0","2018-05-25 16:29:06","57755"
"AOCRGFJ7XSJUM","cs_wg_v7_pilot9","3HL8HNGX452GQXCGPOLVFUEUHEKF9H","STEREOTYPE","7","22","2","0","2018-05-25 16:29:06","57756"
"AOCRGFJ7XSJUM","cs_wg_v7_pilot9","3HL8HNGX452GQXCGPOLVFUEUHEKF9H","SMOKER","8","12","16","0","2018-05-25 16:29:06","57757"
"AOCRGFJ7XSJUM","cs_wg_v7_pilot9","3HL8HNGX452GQXCGPOLVFUEUHEKF9H","UNHAPPY","9","19","11","0","2018-05-25 16:29:06","57758"
"AOCRGFJ7XSJUM","cs_wg_v7_pilot9","3HL8HNGX452GQXCGPOLVFUEUHEKF9H","POPCORN","10","11","12","0","2018-05-25 16:29:06","57759"
"AOCRGFJ7XSJUM","cs_wg_v7_pilot9","3HL8HNGX452GQXCGPOLVFUEUHEKF9H","GOLDEN","11","15","23","0","2018-05-25 16:29:06","57760"
"A119S66722ZWOW","cs_wg_v7_pilot9","388U7OUMF72VXTTCGN2W38RKHZ7R0K","MAILMAN","0","18","13","0","2018-05-25 16:31:03","57761"
"A119S66722ZWOW","cs_wg_v7_pilot9","388U7OUMF72VXTTCGN2W38RKHZ7R0K","DOGSLED","1","20","12","0","2018-05-25 16:31:04","57762"
"A119S66722ZWOW","cs_wg_v7_pilot9","388U7OUMF72VXTTCGN2W38RKHZ7R0K","WEAPON","2","26","16","0","2018-05-25 16:31:04","57763"
"A119S66722ZWOW","cs_wg_v7_pilot9","388U7OUMF72VXTTCGN2W38RKHZ7R0K","LIPSTICK","3","11","9","0","2018-05-25 16:31:04","57764"
"A119S66722ZWOW","cs_wg_v7_pilot9","388U7OUMF72VXTTCGN2W38RKHZ7R0K","RABIES","4","25","9","0","2018-05-25 16:31:04","57765"
"A119S66722ZWOW","cs_wg_v7_pilot9","388U7OUMF72VXTTCGN2W38RKHZ7R0K","FILMMAKER","5","15","11","0","2018-05-25 16:31:04","57766"
"A119S66722ZWOW","cs_wg_v7_pilot9","388U7OUMF72VXTTCGN2W38RKHZ7R0K","INFERNO","6","21","18","0","2018-05-25 16:31:04","57767"
"A119S66722ZWOW","cs_wg_v7_pilot9","388U7OUMF72VXTTCGN2W38RKHZ7R0K","STEREOTYPE","7","22","25","0","2018-05-25 16:31:04","57768"
"A119S66722ZWOW","cs_wg_v7_pilot9","388U7OUMF72VXTTCGN2W38RKHZ7R0K","SMOKER","8","12","11","0","2018-05-25 16:31:04","57769"
"A119S66722ZWOW","cs_wg_v7_pilot9","388U7OUMF72VXTTCGN2W38RKHZ7R0K","POPCORN","10","11","15","0","2018-05-25 16:31:04","57770"
"A119S66722ZWOW","cs_wg_v7_pilot9","388U7OUMF72VXTTCGN2W38RKHZ7R0K","GOLDEN","11","15","4","0","2018-05-25 16:31:04","57771"
"A119S66722ZWOW","cs_wg_v7_pilot9","388U7OUMF72VXTTCGN2W38RKHZ7R0K","UNHAPPY","9","19","16","0","2018-05-25 16:31:04","57772"
"AX6F7AC21GC4J","cs_wg_v7_pilot9","3S3AMIZX3U6LQB5NA20WTKCHBM7DCL","RABIES","4","25","9","0","2018-05-25 16:31:43","57773"
"AX6F7AC21GC4J","cs_wg_v7_pilot9","3S3AMIZX3U6LQB5NA20WTKCHBM7DCL","MAILMAN","0","18","13","0","2018-05-25 16:31:43","57774"
"AX6F7AC21GC4J","cs_wg_v7_pilot9","3S3AMIZX3U6LQB5NA20WTKCHBM7DCL","WEAPON","2","26","16","0","2018-05-25 16:31:43","57775"
"AX6F7AC21GC4J","cs_wg_v7_pilot9","3S3AMIZX3U6LQB5NA20WTKCHBM7DCL","LIPSTICK","3","11","9","0","2018-05-25 16:31:43","57776"
"AX6F7AC21GC4J","cs_wg_v7_pilot9","3S3AMIZX3U6LQB5NA20WTKCHBM7DCL","FILMMAKER","5","15","11","0","2018-05-25 16:31:43","57777"
"AX6F7AC21GC4J","cs_wg_v7_pilot9","3S3AMIZX3U6LQB5NA20WTKCHBM7DCL","DOGSLED","1","20","12","0","2018-05-25 16:31:43","57778"
"AX6F7AC21GC4J","cs_wg_v7_pilot9","3S3AMIZX3U6LQB5NA20WTKCHBM7DCL","UNHAPPY","9","19","16","0","2018-05-25 16:31:43","57779"
"AX6F7AC21GC4J","cs_wg_v7_pilot9","3S3AMIZX3U6LQB5NA20WTKCHBM7DCL","POPCORN","10","11","15","0","2018-05-25 16:31:43","57780"
"AX6F7AC21GC4J","cs_wg_v7_pilot9","3S3AMIZX3U6LQB5NA20WTKCHBM7DCL","INFERNO","6","21","18","0","2018-05-25 16:31:43","57781"
"AX6F7AC21GC4J","cs_wg_v7_pilot9","3S3AMIZX3U6LQB5NA20WTKCHBM7DCL","STEREOTYPE","7","22","25","0","2018-05-25 16:31:43","57782"
"AX6F7AC21GC4J","cs_wg_v7_pilot9","3S3AMIZX3U6LQB5NA20WTKCHBM7DCL","SMOKER","8","12","11","0","2018-05-25 16:31:43","57783"
"AX6F7AC21GC4J","cs_wg_v7_pilot9","3S3AMIZX3U6LQB5NA20WTKCHBM7DCL","GOLDEN","11","15","4","0","2018-05-25 16:31:43","57784"
"AEFQ5OD4P80M0","cs_wg_v7_pilot9","3II4UPYCOJ8PKCF6FK1RDP1YF26QD3","WEAPON","2","26","16","0","2018-05-25 16:34:25","57785"
"AEFQ5OD4P80M0","cs_wg_v7_pilot9","3II4UPYCOJ8PKCF6FK1RDP1YF26QD3","MAILMAN","0","18","13","0","2018-05-25 16:34:25","57786"
"AEFQ5OD4P80M0","cs_wg_v7_pilot9","3II4UPYCOJ8PKCF6FK1RDP1YF26QD3","FILMMAKER","5","15","11","0","2018-05-25 16:34:25","57787"
"AEFQ5OD4P80M0","cs_wg_v7_pilot9","3II4UPYCOJ8PKCF6FK1RDP1YF26QD3","LIPSTICK","3","11","9","0","2018-05-25 16:34:25","57788"
"AEFQ5OD4P80M0","cs_wg_v7_pilot9","3II4UPYCOJ8PKCF6FK1RDP1YF26QD3","DOGSLED","1","20","12","0","2018-05-25 16:34:25","57789"
"AEFQ5OD4P80M0","cs_wg_v7_pilot9","3II4UPYCOJ8PKCF6FK1RDP1YF26QD3","RABIES","4","25","9","0","2018-05-25 16:34:25","57790"
"AEFQ5OD4P80M0","cs_wg_v7_pilot9","3II4UPYCOJ8PKCF6FK1RDP1YF26QD3","STEREOTYPE","7","22","25","0","2018-05-25 16:34:25","57791"
"AEFQ5OD4P80M0","cs_wg_v7_pilot9","3II4UPYCOJ8PKCF6FK1RDP1YF26QD3","SMOKER","8","12","11","0","2018-05-25 16:34:25","57792"
"AEFQ5OD4P80M0","cs_wg_v7_pilot9","3II4UPYCOJ8PKCF6FK1RDP1YF26QD3","INFERNO","6","21","18","0","2018-05-25 16:34:25","57793"
"AEFQ5OD4P80M0","cs_wg_v7_pilot9","3II4UPYCOJ8PKCF6FK1RDP1YF26QD3","UNHAPPY","9","19","16","0","2018-05-25 16:34:25","57794"
"AEFQ5OD4P80M0","cs_wg_v7_pilot9","3II4UPYCOJ8PKCF6FK1RDP1YF26QD3","POPCORN","10","11","15","0","2018-05-25 16:34:25","57795"
"AEFQ5OD4P80M0","cs_wg_v7_pilot9","3II4UPYCOJ8PKCF6FK1RDP1YF26QD3","GOLDEN","11","15","4","0","2018-05-25 16:34:25","57796"
"A1ROKI5TP0V6OW","cs_wg_v7_pilot9","33TIN5LC04BMQOTBUEDJ4FLANQLY9A","MAILMAN","0","9","13","0","2018-05-25 16:34:43","57797"
"A1ROKI5TP0V6OW","cs_wg_v7_pilot9","33TIN5LC04BMQOTBUEDJ4FLANQLY9A","DOGSLED","1","7","12","0","2018-05-25 16:34:43","57798"
"A1ROKI5TP0V6OW","cs_wg_v7_pilot9","33TIN5LC04BMQOTBUEDJ4FLANQLY9A","WEAPON","2","1","16","0","2018-05-25 16:34:43","57799"
"A1ROKI5TP0V6OW","cs_wg_v7_pilot9","33TIN5LC04BMQOTBUEDJ4FLANQLY9A","LIPSTICK","3","16","9","0","2018-05-25 16:34:43","57800"
"A1ROKI5TP0V6OW","cs_wg_v7_pilot9","33TIN5LC04BMQOTBUEDJ4FLANQLY9A","RABIES","4","2","9","0","2018-05-25 16:34:43","57801"
"A1ROKI5TP0V6OW","cs_wg_v7_pilot9","33TIN5LC04BMQOTBUEDJ4FLANQLY9A","FILMMAKER","5","12","11","0","2018-05-25 16:34:43","57802"
"A1ROKI5TP0V6OW","cs_wg_v7_pilot9","33TIN5LC04BMQOTBUEDJ4FLANQLY9A","INFERNO","6","6","18","0","2018-05-25 16:34:44","57803"
"A1ROKI5TP0V6OW","cs_wg_v7_pilot9","33TIN5LC04BMQOTBUEDJ4FLANQLY9A","STEREOTYPE","7","5","25","0","2018-05-25 16:34:44","57804"
"A1ROKI5TP0V6OW","cs_wg_v7_pilot9","33TIN5LC04BMQOTBUEDJ4FLANQLY9A","UNHAPPY","9","8","16","0","2018-05-25 16:34:44","57805"
"A1ROKI5TP0V6OW","cs_wg_v7_pilot9","33TIN5LC04BMQOTBUEDJ4FLANQLY9A","SMOKER","8","15","11","0","2018-05-25 16:34:44","57806"
"A1ROKI5TP0V6OW","cs_wg_v7_pilot9","33TIN5LC04BMQOTBUEDJ4FLANQLY9A","POPCORN","10","16","15","0","2018-05-25 16:34:44","57807"
"A1ROKI5TP0V6OW","cs_wg_v7_pilot9","33TIN5LC04BMQOTBUEDJ4FLANQLY9A","GOLDEN","11","12","4","0","2018-05-25 16:34:44","57808"
"A82RLSJJXBKE8","cs_wg_v7_pilot9","3OLF68YTN92UVGMLHUZVBPPENXWFAS","MAILMAN","0","18","14","0","2018-05-25 16:35:01","57809"
"A82RLSJJXBKE8","cs_wg_v7_pilot9","3OLF68YTN92UVGMLHUZVBPPENXWFAS","DOGSLED","1","20","15","0","2018-05-25 16:35:01","57810"
"A82RLSJJXBKE8","cs_wg_v7_pilot9","3OLF68YTN92UVGMLHUZVBPPENXWFAS","WEAPON","2","26","11","0","2018-05-25 16:35:01","57811"
"A82RLSJJXBKE8","cs_wg_v7_pilot9","3OLF68YTN92UVGMLHUZVBPPENXWFAS","LIPSTICK","3","11","18","0","2018-05-25 16:35:01","57812"
"A82RLSJJXBKE8","cs_wg_v7_pilot9","3OLF68YTN92UVGMLHUZVBPPENXWFAS","FILMMAKER","5","15","16","0","2018-05-25 16:35:01","57813"
"A82RLSJJXBKE8","cs_wg_v7_pilot9","3OLF68YTN92UVGMLHUZVBPPENXWFAS","RABIES","4","25","18","0","2018-05-25 16:35:01","57814"
"A82RLSJJXBKE8","cs_wg_v7_pilot9","3OLF68YTN92UVGMLHUZVBPPENXWFAS","INFERNO","6","21","9","0","2018-05-25 16:35:01","57815"
"A82RLSJJXBKE8","cs_wg_v7_pilot9","3OLF68YTN92UVGMLHUZVBPPENXWFAS","STEREOTYPE","7","22","2","0","2018-05-25 16:35:01","57816"
"A82RLSJJXBKE8","cs_wg_v7_pilot9","3OLF68YTN92UVGMLHUZVBPPENXWFAS","SMOKER","8","12","16","0","2018-05-25 16:35:01","57817"
"A82RLSJJXBKE8","cs_wg_v7_pilot9","3OLF68YTN92UVGMLHUZVBPPENXWFAS","UNHAPPY","9","19","11","0","2018-05-25 16:35:01","57818"
"A82RLSJJXBKE8","cs_wg_v7_pilot9","3OLF68YTN92UVGMLHUZVBPPENXWFAS","POPCORN","10","11","12","0","2018-05-25 16:35:01","57819"
"A82RLSJJXBKE8","cs_wg_v7_pilot9","3OLF68YTN92UVGMLHUZVBPPENXWFAS","GOLDEN","11","15","23","0","2018-05-25 16:35:01","57820"
"A2YM550H2AL6JO","cs_wg_v7_pilot9","39ASUFLU6X8ELFUIXT73DFFCCGZEXK","MAILMAN","0","18","13","0","2018-05-25 16:36:43","57821"
"A2YM550H2AL6JO","cs_wg_v7_pilot9","39ASUFLU6X8ELFUIXT73DFFCCGZEXK","DOGSLED","1","20","12","0","2018-05-25 16:36:43","57822"
"A2YM550H2AL6JO","cs_wg_v7_pilot9","39ASUFLU6X8ELFUIXT73DFFCCGZEXK","WEAPON","2","26","16","0","2018-05-25 16:36:43","57823"
"A2YM550H2AL6JO","cs_wg_v7_pilot9","39ASUFLU6X8ELFUIXT73DFFCCGZEXK","FILMMAKER","5","15","11","0","2018-05-25 16:36:43","57824"
"A2YM550H2AL6JO","cs_wg_v7_pilot9","39ASUFLU6X8ELFUIXT73DFFCCGZEXK","LIPSTICK","3","11","9","0","2018-05-25 16:36:43","57825"
"A2YM550H2AL6JO","cs_wg_v7_pilot9","39ASUFLU6X8ELFUIXT73DFFCCGZEXK","RABIES","4","25","9","0","2018-05-25 16:36:43","57826"
"A2YM550H2AL6JO","cs_wg_v7_pilot9","39ASUFLU6X8ELFUIXT73DFFCCGZEXK","INFERNO","6","21","18","0","2018-05-25 16:36:43","57827"
"A2YM550H2AL6JO","cs_wg_v7_pilot9","39ASUFLU6X8ELFUIXT73DFFCCGZEXK","STEREOTYPE","7","22","25","0","2018-05-25 16:36:43","57828"
"A2YM550H2AL6JO","cs_wg_v7_pilot9","39ASUFLU6X8ELFUIXT73DFFCCGZEXK","SMOKER","8","12","11","0","2018-05-25 16:36:43","57829"
"A2YM550H2AL6JO","cs_wg_v7_pilot9","39ASUFLU6X8ELFUIXT73DFFCCGZEXK","POPCORN","10","11","15","0","2018-05-25 16:36:43","57830"
"A2YM550H2AL6JO","cs_wg_v7_pilot9","39ASUFLU6X8ELFUIXT73DFFCCGZEXK","UNHAPPY","9","19","16","0","2018-05-25 16:36:43","57831"
"A2YM550H2AL6JO","cs_wg_v7_pilot9","39ASUFLU6X8ELFUIXT73DFFCCGZEXK","GOLDEN","11","15","4","0","2018-05-25 16:36:43","57832"
"A3OV174HQJIJK8","cs_wg_v7_pilot9","3GDTJDAPVUCMI2LN6JJUAO3SUBJM8F","MAILMAN","0","9","14","0","2018-05-25 16:38:55","57834"
"A3OV174HQJIJK8","cs_wg_v7_pilot9","3GDTJDAPVUCMI2LN6JJUAO3SUBJM8F","DOGSLED","1","7","15","0","2018-05-25 16:38:55","57833"
"A3OV174HQJIJK8","cs_wg_v7_pilot9","3GDTJDAPVUCMI2LN6JJUAO3SUBJM8F","LIPSTICK","3","16","18","0","2018-05-25 16:38:55","57835"
"A3OV174HQJIJK8","cs_wg_v7_pilot9","3GDTJDAPVUCMI2LN6JJUAO3SUBJM8F","WEAPON","2","1","11","0","2018-05-25 16:38:55","57836"
"A3OV174HQJIJK8","cs_wg_v7_pilot9","3GDTJDAPVUCMI2LN6JJUAO3SUBJM8F","RABIES","4","2","18","0","2018-05-25 16:38:55","57837"
"A3OV174HQJIJK8","cs_wg_v7_pilot9","3GDTJDAPVUCMI2LN6JJUAO3SUBJM8F","FILMMAKER","5","12","16","0","2018-05-25 16:38:55","57838"
"A3OV174HQJIJK8","cs_wg_v7_pilot9","3GDTJDAPVUCMI2LN6JJUAO3SUBJM8F","INFERNO","6","6","9","0","2018-05-25 16:38:55","57839"
"A3OV174HQJIJK8","cs_wg_v7_pilot9","3GDTJDAPVUCMI2LN6JJUAO3SUBJM8F","STEREOTYPE","7","5","2","0","2018-05-25 16:38:55","57840"
"A3OV174HQJIJK8","cs_wg_v7_pilot9","3GDTJDAPVUCMI2LN6JJUAO3SUBJM8F","SMOKER","8","15","16","0","2018-05-25 16:38:55","57841"
"A3OV174HQJIJK8","cs_wg_v7_pilot9","3GDTJDAPVUCMI2LN6JJUAO3SUBJM8F","UNHAPPY","9","8","11","0","2018-05-25 16:38:55","57842"
"A3OV174HQJIJK8","cs_wg_v7_pilot9","3GDTJDAPVUCMI2LN6JJUAO3SUBJM8F","POPCORN","10","16","12","0","2018-05-25 16:38:55","57843"
"A3OV174HQJIJK8","cs_wg_v7_pilot9","3GDTJDAPVUCMI2LN6JJUAO3SUBJM8F","GOLDEN","11","12","23","0","2018-05-25 16:38:55","57844"
"A2FSRTLWWII5EN","cs_wg_v7_pilot9","3VBEN272MK049C4A9ER4EAJWAH9SG4","MAILMAN","0","18","13","0","2018-05-25 16:39:02","57845"
"A2FSRTLWWII5EN","cs_wg_v7_pilot9","3VBEN272MK049C4A9ER4EAJWAH9SG4","DOGSLED","1","20","12","0","2018-05-25 16:39:02","57846"
"A2FSRTLWWII5EN","cs_wg_v7_pilot9","3VBEN272MK049C4A9ER4EAJWAH9SG4","WEAPON","2","26","16","0","2018-05-25 16:39:02","57847"
"A2FSRTLWWII5EN","cs_wg_v7_pilot9","3VBEN272MK049C4A9ER4EAJWAH9SG4","LIPSTICK","3","11","9","0","2018-05-25 16:39:02","57848"
"A2FSRTLWWII5EN","cs_wg_v7_pilot9","3VBEN272MK049C4A9ER4EAJWAH9SG4","RABIES","4","25","9","0","2018-05-25 16:39:02","57849"
"A2FSRTLWWII5EN","cs_wg_v7_pilot9","3VBEN272MK049C4A9ER4EAJWAH9SG4","FILMMAKER","5","15","11","0","2018-05-25 16:39:02","57850"
"A2FSRTLWWII5EN","cs_wg_v7_pilot9","3VBEN272MK049C4A9ER4EAJWAH9SG4","INFERNO","6","21","18","0","2018-05-25 16:39:03","57851"
"A2FSRTLWWII5EN","cs_wg_v7_pilot9","3VBEN272MK049C4A9ER4EAJWAH9SG4","STEREOTYPE","7","22","25","0","2018-05-25 16:39:03","57852"
"A2FSRTLWWII5EN","cs_wg_v7_pilot9","3VBEN272MK049C4A9ER4EAJWAH9SG4","SMOKER","8","12","11","0","2018-05-25 16:39:03","57853"
"A2FSRTLWWII5EN","cs_wg_v7_pilot9","3VBEN272MK049C4A9ER4EAJWAH9SG4","UNHAPPY","9","19","16","0","2018-05-25 16:39:03","57854"
"A2FSRTLWWII5EN","cs_wg_v7_pilot9","3VBEN272MK049C4A9ER4EAJWAH9SG4","POPCORN","10","11","15","0","2018-05-25 16:39:03","57855"
"A2FSRTLWWII5EN","cs_wg_v7_pilot9","3VBEN272MK049C4A9ER4EAJWAH9SG4","GOLDEN","11","15","4","0","2018-05-25 16:39:03","57856"
"A3HIO96PK1JA03","cs_wg_v7_pilot9","3LWJHTCVCCNMIWT26QWH1P4JREOFQ3","LIPSTICK","3","11","9","0","2018-05-25 16:39:16","57857"
"A3HIO96PK1JA03","cs_wg_v7_pilot9","3LWJHTCVCCNMIWT26QWH1P4JREOFQ3","FILMMAKER","5","15","11","0","2018-05-25 16:39:16","57858"
"A3HIO96PK1JA03","cs_wg_v7_pilot9","3LWJHTCVCCNMIWT26QWH1P4JREOFQ3","WEAPON","2","26","16","0","2018-05-25 16:39:16","57859"
"A3HIO96PK1JA03","cs_wg_v7_pilot9","3LWJHTCVCCNMIWT26QWH1P4JREOFQ3","DOGSLED","1","20","12","0","2018-05-25 16:39:16","57860"
"A3HIO96PK1JA03","cs_wg_v7_pilot9","3LWJHTCVCCNMIWT26QWH1P4JREOFQ3","MAILMAN","0","18","13","0","2018-05-25 16:39:16","57861"
"A3HIO96PK1JA03","cs_wg_v7_pilot9","3LWJHTCVCCNMIWT26QWH1P4JREOFQ3","RABIES","4","25","9","0","2018-05-25 16:39:16","57862"
"A3HIO96PK1JA03","cs_wg_v7_pilot9","3LWJHTCVCCNMIWT26QWH1P4JREOFQ3","SMOKER","8","12","11","0","2018-05-25 16:39:16","57863"
"A3HIO96PK1JA03","cs_wg_v7_pilot9","3LWJHTCVCCNMIWT26QWH1P4JREOFQ3","INFERNO","6","21","18","0","2018-05-25 16:39:16","57864"
"A3HIO96PK1JA03","cs_wg_v7_pilot9","3LWJHTCVCCNMIWT26QWH1P4JREOFQ3","STEREOTYPE","7","22","25","0","2018-05-25 16:39:16","57865"
"A3HIO96PK1JA03","cs_wg_v7_pilot9","3LWJHTCVCCNMIWT26QWH1P4JREOFQ3","UNHAPPY","9","19","16","0","2018-05-25 16:39:16","57866"
"A3HIO96PK1JA03","cs_wg_v7_pilot9","3LWJHTCVCCNMIWT26QWH1P4JREOFQ3","POPCORN","10","11","15","0","2018-05-25 16:39:16","57867"
"A3HIO96PK1JA03","cs_wg_v7_pilot9","3LWJHTCVCCNMIWT26QWH1P4JREOFQ3","GOLDEN","11","15","4","0","2018-05-25 16:39:16","57868"
"A9J2LNWLQ4NZU","cs_wg_v7_pilot9","3VHP9MDGRNLIOVJJ18VMHKF2NZNCFV","MAILMAN","0","9","13","0","2018-05-25 16:39:41","57869"
"A9J2LNWLQ4NZU","cs_wg_v7_pilot9","3VHP9MDGRNLIOVJJ18VMHKF2NZNCFV","DOGSLED","1","7","12","0","2018-05-25 16:39:41","57870"
"A9J2LNWLQ4NZU","cs_wg_v7_pilot9","3VHP9MDGRNLIOVJJ18VMHKF2NZNCFV","WEAPON","2","1","16","0","2018-05-25 16:39:41","57871"
"A9J2LNWLQ4NZU","cs_wg_v7_pilot9","3VHP9MDGRNLIOVJJ18VMHKF2NZNCFV","LIPSTICK","3","16","9","0","2018-05-25 16:39:42","57872"
"A9J2LNWLQ4NZU","cs_wg_v7_pilot9","3VHP9MDGRNLIOVJJ18VMHKF2NZNCFV","RABIES","4","2","9","0","2018-05-25 16:39:42","57873"
"A9J2LNWLQ4NZU","cs_wg_v7_pilot9","3VHP9MDGRNLIOVJJ18VMHKF2NZNCFV","FILMMAKER","5","12","11","0","2018-05-25 16:39:42","57874"
"A9J2LNWLQ4NZU","cs_wg_v7_pilot9","3VHP9MDGRNLIOVJJ18VMHKF2NZNCFV","INFERNO","6","6","18","0","2018-05-25 16:39:42","57875"
"A9J2LNWLQ4NZU","cs_wg_v7_pilot9","3VHP9MDGRNLIOVJJ18VMHKF2NZNCFV","STEREOTYPE","7","5","25","0","2018-05-25 16:39:42","57876"
"A9J2LNWLQ4NZU","cs_wg_v7_pilot9","3VHP9MDGRNLIOVJJ18VMHKF2NZNCFV","SMOKER","8","15","11","0","2018-05-25 16:39:42","57877"
"A9J2LNWLQ4NZU","cs_wg_v7_pilot9","3VHP9MDGRNLIOVJJ18VMHKF2NZNCFV","UNHAPPY","9","8","16","0","2018-05-25 16:39:42","57878"
"A9J2LNWLQ4NZU","cs_wg_v7_pilot9","3VHP9MDGRNLIOVJJ18VMHKF2NZNCFV","POPCORN","10","16","15","0","2018-05-25 16:39:42","57879"
"A9J2LNWLQ4NZU","cs_wg_v7_pilot9","3VHP9MDGRNLIOVJJ18VMHKF2NZNCFV","GOLDEN","11","12","4","0","2018-05-25 16:39:42","57880"
"A3265CXS8SYYUR","cs_wg_v7_pilot9","3L4PIM1GQTHSUOPXOVD5V0L4TBGRYD","MAILMAN","0","9","13","0","2018-05-25 16:40:12","57881"
"A3265CXS8SYYUR","cs_wg_v7_pilot9","3L4PIM1GQTHSUOPXOVD5V0L4TBGRYD","DOGSLED","1","7","12","0","2018-05-25 16:40:12","57882"
"A3265CXS8SYYUR","cs_wg_v7_pilot9","3L4PIM1GQTHSUOPXOVD5V0L4TBGRYD","WEAPON","2","1","16","0","2018-05-25 16:40:12","57883"
"A3265CXS8SYYUR","cs_wg_v7_pilot9","3L4PIM1GQTHSUOPXOVD5V0L4TBGRYD","LIPSTICK","3","16","9","0","2018-05-25 16:40:12","57884"
"A3265CXS8SYYUR","cs_wg_v7_pilot9","3L4PIM1GQTHSUOPXOVD5V0L4TBGRYD","RABIES","4","2","9","0","2018-05-25 16:40:12","57885"
"A3265CXS8SYYUR","cs_wg_v7_pilot9","3L4PIM1GQTHSUOPXOVD5V0L4TBGRYD","FILMMAKER","5","12","11","0","2018-05-25 16:40:12","57886"
"A3265CXS8SYYUR","cs_wg_v7_pilot9","3L4PIM1GQTHSUOPXOVD5V0L4TBGRYD","INFERNO","6","6","18","0","2018-05-25 16:40:13","57887"
"A3265CXS8SYYUR","cs_wg_v7_pilot9","3L4PIM1GQTHSUOPXOVD5V0L4TBGRYD","STEREOTYPE","7","5","25","0","2018-05-25 16:40:13","57888"
"A3265CXS8SYYUR","cs_wg_v7_pilot9","3L4PIM1GQTHSUOPXOVD5V0L4TBGRYD","SMOKER","8","15","11","0","2018-05-25 16:40:13","57889"
"A3265CXS8SYYUR","cs_wg_v7_pilot9","3L4PIM1GQTHSUOPXOVD5V0L4TBGRYD","UNHAPPY","9","8","16","0","2018-05-25 16:40:13","57890"
"A3265CXS8SYYUR","cs_wg_v7_pilot9","3L4PIM1GQTHSUOPXOVD5V0L4TBGRYD","POPCORN","10","16","15","0","2018-05-25 16:40:13","57891"
"A3265CXS8SYYUR","cs_wg_v7_pilot9","3L4PIM1GQTHSUOPXOVD5V0L4TBGRYD","GOLDEN","11","12","4","0","2018-05-25 16:40:13","57892"
"A3DU7K7HAS3VUF","cs_wg_v7_pilot9","3EA3QWIZ4IWJK3NKO2WX9RSYRFKTIV","RABIES","4","2","18","0","2018-05-25 16:46:36","57893"
"A3DU7K7HAS3VUF","cs_wg_v7_pilot9","3EA3QWIZ4IWJK3NKO2WX9RSYRFKTIV","DOGSLED","1","7","15","0","2018-05-25 16:46:36","57894"
"A3DU7K7HAS3VUF","cs_wg_v7_pilot9","3EA3QWIZ4IWJK3NKO2WX9RSYRFKTIV","LIPSTICK","3","16","18","0","2018-05-25 16:46:36","57895"
"A3DU7K7HAS3VUF","cs_wg_v7_pilot9","3EA3QWIZ4IWJK3NKO2WX9RSYRFKTIV","MAILMAN","0","9","14","0","2018-05-25 16:46:36","57896"
"A3DU7K7HAS3VUF","cs_wg_v7_pilot9","3EA3QWIZ4IWJK3NKO2WX9RSYRFKTIV","WEAPON","2","1","11","0","2018-05-25 16:46:36","57897"
"A3DU7K7HAS3VUF","cs_wg_v7_pilot9","3EA3QWIZ4IWJK3NKO2WX9RSYRFKTIV","FILMMAKER","5","12","16","0","2018-05-25 16:46:36","57898"
"A3DU7K7HAS3VUF","cs_wg_v7_pilot9","3EA3QWIZ4IWJK3NKO2WX9RSYRFKTIV","INFERNO","6","6","9","0","2018-05-25 16:46:36","57899"
"A3DU7K7HAS3VUF","cs_wg_v7_pilot9","3EA3QWIZ4IWJK3NKO2WX9RSYRFKTIV","POPCORN","10","16","12","0","2018-05-25 16:46:36","57900"
"A3DU7K7HAS3VUF","cs_wg_v7_pilot9","3EA3QWIZ4IWJK3NKO2WX9RSYRFKTIV","SMOKER","8","15","16","0","2018-05-25 16:46:36","57901"
"A3DU7K7HAS3VUF","cs_wg_v7_pilot9","3EA3QWIZ4IWJK3NKO2WX9RSYRFKTIV","STEREOTYPE","7","5","2","0","2018-05-25 16:46:36","57902"
"A3DU7K7HAS3VUF","cs_wg_v7_pilot9","3EA3QWIZ4IWJK3NKO2WX9RSYRFKTIV","UNHAPPY","9","8","11","0","2018-05-25 16:46:36","57903"
"A3DU7K7HAS3VUF","cs_wg_v7_pilot9","3EA3QWIZ4IWJK3NKO2WX9RSYRFKTIV","GOLDEN","11","12","23","0","2018-05-25 16:46:36","57904"
"A1W8B7P1WVD7TX","cs_wg_v7_pilot9","3L4PIM1GQTHSUOPXOVD5V0L4TBGRYD","FILMMAKER","5","15","16","0","2018-05-25 17:01:42","57905"
"A1W8B7P1WVD7TX","cs_wg_v7_pilot9","3L4PIM1GQTHSUOPXOVD5V0L4TBGRYD","WEAPON","2","26","11","0","2018-05-25 17:01:42","57906"
"A1W8B7P1WVD7TX","cs_wg_v7_pilot9","3L4PIM1GQTHSUOPXOVD5V0L4TBGRYD","RABIES","4","25","18","0","2018-05-25 17:01:42","57907"
"A1W8B7P1WVD7TX","cs_wg_v7_pilot9","3L4PIM1GQTHSUOPXOVD5V0L4TBGRYD","LIPSTICK","3","11","18","0","2018-05-25 17:01:42","57908"
"A1W8B7P1WVD7TX","cs_wg_v7_pilot9","3L4PIM1GQTHSUOPXOVD5V0L4TBGRYD","MAILMAN","0","18","14","0","2018-05-25 17:01:42","57909"
"A1W8B7P1WVD7TX","cs_wg_v7_pilot9","3L4PIM1GQTHSUOPXOVD5V0L4TBGRYD","DOGSLED","1","20","15","0","2018-05-25 17:01:42","57910"
"A1W8B7P1WVD7TX","cs_wg_v7_pilot9","3L4PIM1GQTHSUOPXOVD5V0L4TBGRYD","UNHAPPY","9","19","11","0","2018-05-25 17:01:42","57911"
"A1W8B7P1WVD7TX","cs_wg_v7_pilot9","3L4PIM1GQTHSUOPXOVD5V0L4TBGRYD","STEREOTYPE","7","22","2","0","2018-05-25 17:01:42","57912"
"A1W8B7P1WVD7TX","cs_wg_v7_pilot9","3L4PIM1GQTHSUOPXOVD5V0L4TBGRYD","SMOKER","8","12","16","0","2018-05-25 17:01:42","57913"
"A1W8B7P1WVD7TX","cs_wg_v7_pilot9","3L4PIM1GQTHSUOPXOVD5V0L4TBGRYD","POPCORN","10","11","12","0","2018-05-25 17:01:42","57914"
"A1W8B7P1WVD7TX","cs_wg_v7_pilot9","3L4PIM1GQTHSUOPXOVD5V0L4TBGRYD","INFERNO","6","21","9","0","2018-05-25 17:01:42","57915"
"A1W8B7P1WVD7TX","cs_wg_v7_pilot9","3L4PIM1GQTHSUOPXOVD5V0L4TBGRYD","GOLDEN","11","15","23","0","2018-05-25 17:01:42","57916"
"A1KTPYX40PRLVW","cs_wg_v7_pilot9","30BUDKLTXDW5JWA8RNO8LWOSJIO5E2","MAILMAN","0","9","13","0","2018-05-25 17:18:49","57917"
"A1KTPYX40PRLVW","cs_wg_v7_pilot9","30BUDKLTXDW5JWA8RNO8LWOSJIO5E2","DOGSLED","1","7","12","0","2018-05-25 17:18:49","57918"
"A1KTPYX40PRLVW","cs_wg_v7_pilot9","30BUDKLTXDW5JWA8RNO8LWOSJIO5E2","WEAPON","2","1","16","0","2018-05-25 17:18:49","57919"
"A1KTPYX40PRLVW","cs_wg_v7_pilot9","30BUDKLTXDW5JWA8RNO8LWOSJIO5E2","LIPSTICK","3","16","9","0","2018-05-25 17:18:49","57920"
"A1KTPYX40PRLVW","cs_wg_v7_pilot9","30BUDKLTXDW5JWA8RNO8LWOSJIO5E2","RABIES","4","2","9","0","2018-05-25 17:18:49","57921"
"A1KTPYX40PRLVW","cs_wg_v7_pilot9","30BUDKLTXDW5JWA8RNO8LWOSJIO5E2","FILMMAKER","5","12","11","0","2018-05-25 17:18:49","57922"
"A1KTPYX40PRLVW","cs_wg_v7_pilot9","30BUDKLTXDW5JWA8RNO8LWOSJIO5E2","INFERNO","6","6","18","0","2018-05-25 17:18:49","57923"
"A1KTPYX40PRLVW","cs_wg_v7_pilot9","30BUDKLTXDW5JWA8RNO8LWOSJIO5E2","STEREOTYPE","7","5","25","0","2018-05-25 17:18:49","57924"
"A1KTPYX40PRLVW","cs_wg_v7_pilot9","30BUDKLTXDW5JWA8RNO8LWOSJIO5E2","SMOKER","8","15","11","0","2018-05-25 17:18:49","57925"
"A1KTPYX40PRLVW","cs_wg_v7_pilot9","30BUDKLTXDW5JWA8RNO8LWOSJIO5E2","UNHAPPY","9","8","16","0","2018-05-25 17:18:49","57926"
"A1KTPYX40PRLVW","cs_wg_v7_pilot9","30BUDKLTXDW5JWA8RNO8LWOSJIO5E2","POPCORN","10","16","15","0","2018-05-25 17:18:49","57927"
"A1KTPYX40PRLVW","cs_wg_v7_pilot9","30BUDKLTXDW5JWA8RNO8LWOSJIO5E2","GOLDEN","11","12","4","0","2018-05-25 17:18:49","57928"
"A3VENK02U0X16N","cs_wg_v7_pilot9","3GS6S824SQY3QL25GNE01JVEH8DWNL","RABIES","4","2","18","0","2018-05-25 17:45:20","57929"
"A3VENK02U0X16N","cs_wg_v7_pilot9","3GS6S824SQY3QL25GNE01JVEH8DWNL","FILMMAKER","5","12","16","0","2018-05-25 17:45:20","57930"
"A3VENK02U0X16N","cs_wg_v7_pilot9","3GS6S824SQY3QL25GNE01JVEH8DWNL","DOGSLED","1","7","15","0","2018-05-25 17:45:20","57931"
"A3VENK02U0X16N","cs_wg_v7_pilot9","3GS6S824SQY3QL25GNE01JVEH8DWNL","WEAPON","2","1","11","0","2018-05-25 17:45:20","57932"
"A3VENK02U0X16N","cs_wg_v7_pilot9","3GS6S824SQY3QL25GNE01JVEH8DWNL","LIPSTICK","3","16","18","0","2018-05-25 17:45:20","57933"
"A3VENK02U0X16N","cs_wg_v7_pilot9","3GS6S824SQY3QL25GNE01JVEH8DWNL","MAILMAN","0","9","14","0","2018-05-25 17:45:20","57934"
"A3VENK02U0X16N","cs_wg_v7_pilot9","3GS6S824SQY3QL25GNE01JVEH8DWNL","GOLDEN","11","12","23","0","2018-05-25 17:45:20","57935"
"A3VENK02U0X16N","cs_wg_v7_pilot9","3GS6S824SQY3QL25GNE01JVEH8DWNL","POPCORN","10","16","12","0","2018-05-25 17:45:20","57936"
"A3VENK02U0X16N","cs_wg_v7_pilot9","3GS6S824SQY3QL25GNE01JVEH8DWNL","INFERNO","6","6","9","0","2018-05-25 17:45:20","57937"
"A3VENK02U0X16N","cs_wg_v7_pilot9","3GS6S824SQY3QL25GNE01JVEH8DWNL","SMOKER","8","15","16","0","2018-05-25 17:45:20","57938"
"A3VENK02U0X16N","cs_wg_v7_pilot9","3GS6S824SQY3QL25GNE01JVEH8DWNL","STEREOTYPE","7","5","2","0","2018-05-25 17:45:20","57939"
"A3VENK02U0X16N","cs_wg_v7_pilot9","3GS6S824SQY3QL25GNE01JVEH8DWNL","UNHAPPY","9","8","11","0","2018-05-25 17:45:20","57940"
"A3FJSCZLT0F0WY","cs_wg_v7_pilot9","3GFK2QRXX9IZ0WWZCNIE72VSQN85WZ","MAILMAN","0","9","13","0","2018-05-25 17:47:57","57941"
"A3FJSCZLT0F0WY","cs_wg_v7_pilot9","3GFK2QRXX9IZ0WWZCNIE72VSQN85WZ","DOGSLED","1","7","12","0","2018-05-25 17:47:57","57942"
"A3FJSCZLT0F0WY","cs_wg_v7_pilot9","3GFK2QRXX9IZ0WWZCNIE72VSQN85WZ","RABIES","4","2","9","0","2018-05-25 17:47:57","57943"
"A3FJSCZLT0F0WY","cs_wg_v7_pilot9","3GFK2QRXX9IZ0WWZCNIE72VSQN85WZ","WEAPON","2","1","16","0","2018-05-25 17:47:57","57944"
"A3FJSCZLT0F0WY","cs_wg_v7_pilot9","3GFK2QRXX9IZ0WWZCNIE72VSQN85WZ","FILMMAKER","5","12","11","0","2018-05-25 17:47:57","57945"
"A3FJSCZLT0F0WY","cs_wg_v7_pilot9","3GFK2QRXX9IZ0WWZCNIE72VSQN85WZ","LIPSTICK","3","16","9","0","2018-05-25 17:47:57","57946"
"A3FJSCZLT0F0WY","cs_wg_v7_pilot9","3GFK2QRXX9IZ0WWZCNIE72VSQN85WZ","INFERNO","6","6","18","0","2018-05-25 17:47:57","57947"
"A3FJSCZLT0F0WY","cs_wg_v7_pilot9","3GFK2QRXX9IZ0WWZCNIE72VSQN85WZ","POPCORN","10","16","15","0","2018-05-25 17:47:57","57948"
"A3FJSCZLT0F0WY","cs_wg_v7_pilot9","3GFK2QRXX9IZ0WWZCNIE72VSQN85WZ","STEREOTYPE","7","5","25","0","2018-05-25 17:47:57","57949"
"A3FJSCZLT0F0WY","cs_wg_v7_pilot9","3GFK2QRXX9IZ0WWZCNIE72VSQN85WZ","UNHAPPY","9","8","16","0","2018-05-25 17:47:57","57950"
"A3FJSCZLT0F0WY","cs_wg_v7_pilot9","3GFK2QRXX9IZ0WWZCNIE72VSQN85WZ","SMOKER","8","15","11","0","2018-05-25 17:47:57","57951"
"A3FJSCZLT0F0WY","cs_wg_v7_pilot9","3GFK2QRXX9IZ0WWZCNIE72VSQN85WZ","GOLDEN","11","12","4","0","2018-05-25 17:47:57","57952"
"FDSAFDSAFDSASF","cs_wg_v7_pilot9","3GFK2QRXX9IZ0WWZCNIE72VSQN85WZ","WEAPON","2","1","11","0","2018-05-25 17:53:05","57953"
"FDSAFDSAFDSASF","cs_wg_v7_pilot9","3GFK2QRXX9IZ0WWZCNIE72VSQN85WZ","MAILMAN","0","9","14","0","2018-05-25 17:53:05","57954"
"FDSAFDSAFDSASF","cs_wg_v7_pilot9","3GFK2QRXX9IZ0WWZCNIE72VSQN85WZ","RABIES","4","2","18","0","2018-05-25 17:53:05","57955"
"FDSAFDSAFDSASF","cs_wg_v7_pilot9","3GFK2QRXX9IZ0WWZCNIE72VSQN85WZ","FILMMAKER","5","12","16","0","2018-05-25 17:53:05","57956"
"FDSAFDSAFDSASF","cs_wg_v7_pilot9","3GFK2QRXX9IZ0WWZCNIE72VSQN85WZ","LIPSTICK","3","16","18","0","2018-05-25 17:53:05","57957"
"FDSAFDSAFDSASF","cs_wg_v7_pilot9","3GFK2QRXX9IZ0WWZCNIE72VSQN85WZ","DOGSLED","1","7","15","0","2018-05-25 17:53:05","57958"
"FDSAFDSAFDSASF","cs_wg_v7_pilot9","3GFK2QRXX9IZ0WWZCNIE72VSQN85WZ","GOLDEN","11","12","23","0","2018-05-25 17:53:06","57959"
"FDSAFDSAFDSASF","cs_wg_v7_pilot9","3GFK2QRXX9IZ0WWZCNIE72VSQN85WZ","POPCORN","10","16","12","0","2018-05-25 17:53:06","57961"
"FDSAFDSAFDSASF","cs_wg_v7_pilot9","3GFK2QRXX9IZ0WWZCNIE72VSQN85WZ","STEREOTYPE","7","5","2","0","2018-05-25 17:53:06","57960"
"FDSAFDSAFDSASF","cs_wg_v7_pilot9","3GFK2QRXX9IZ0WWZCNIE72VSQN85WZ","SMOKER","8","15","16","0","2018-05-25 17:53:06","57962"
"FDSAFDSAFDSASF","cs_wg_v7_pilot9","3GFK2QRXX9IZ0WWZCNIE72VSQN85WZ","INFERNO","6","6","9","0","2018-05-25 17:53:06","57963"
"FDSAFDSAFDSASF","cs_wg_v7_pilot9","3GFK2QRXX9IZ0WWZCNIE72VSQN85WZ","UNHAPPY","9","8","11","0","2018-05-25 17:53:06","57964"
"A1A2XH9JVSN8Z0","cs_wg_v7_pilot9","33SA9F9TRXVZWFPSNOBHBW153GSEWU","DOGSLED","1","20","12","0","2018-05-25 17:59:01","57965"
"A1A2XH9JVSN8Z0","cs_wg_v7_pilot9","33SA9F9TRXVZWFPSNOBHBW153GSEWU","WEAPON","2","26","16","0","2018-05-25 17:59:01","57966"
"A1A2XH9JVSN8Z0","cs_wg_v7_pilot9","33SA9F9TRXVZWFPSNOBHBW153GSEWU","FILMMAKER","5","15","11","0","2018-05-25 17:59:01","57967"
"A1A2XH9JVSN8Z0","cs_wg_v7_pilot9","33SA9F9TRXVZWFPSNOBHBW153GSEWU","LIPSTICK","3","11","9","0","2018-05-25 17:59:01","57968"
"A1A2XH9JVSN8Z0","cs_wg_v7_pilot9","33SA9F9TRXVZWFPSNOBHBW153GSEWU","MAILMAN","0","18","13","0","2018-05-25 17:59:01","57969"
"A1A2XH9JVSN8Z0","cs_wg_v7_pilot9","33SA9F9TRXVZWFPSNOBHBW153GSEWU","RABIES","4","25","9","0","2018-05-25 17:59:01","57970"
"A1A2XH9JVSN8Z0","cs_wg_v7_pilot9","33SA9F9TRXVZWFPSNOBHBW153GSEWU","INFERNO","6","21","18","0","2018-05-25 17:59:01","57971"
"A1A2XH9JVSN8Z0","cs_wg_v7_pilot9","33SA9F9TRXVZWFPSNOBHBW153GSEWU","SMOKER","8","12","11","0","2018-05-25 17:59:01","57972"
"A1A2XH9JVSN8Z0","cs_wg_v7_pilot9","33SA9F9TRXVZWFPSNOBHBW153GSEWU","GOLDEN","11","15","4","0","2018-05-25 17:59:01","57973"
"A1A2XH9JVSN8Z0","cs_wg_v7_pilot9","33SA9F9TRXVZWFPSNOBHBW153GSEWU","STEREOTYPE","7","22","25","0","2018-05-25 17:59:01","57974"
"A1A2XH9JVSN8Z0","cs_wg_v7_pilot9","33SA9F9TRXVZWFPSNOBHBW153GSEWU","UNHAPPY","9","19","16","0","2018-05-25 17:59:01","57975"
"A1A2XH9JVSN8Z0","cs_wg_v7_pilot9","33SA9F9TRXVZWFPSNOBHBW153GSEWU","POPCORN","10","11","15","0","2018-05-25 17:59:01","57976"
