"subject","version","assignmentId","cond","question","question_ind","all_values","question_order","comp_check","comp_check_pass","comp_check_rt","choice","scratch","rt","stamp","id"
"A32A1KM9YB0R1V","cs_wg_v7_real3","3ATPCQ38J8B0V73GMKRJ0AWUMQ0AYR",,"Alphabet position of third letter.","0","[3,14,3,12,14,1,14,14,11,0,17,2,24,18]","0","5","1","15604","keyboard","keyboard","180","2018-04-23 17:29:30","15930"
"A2P7Z2TKGACY2E","cs_wg_v7_real3","3EQHHY4HQST33A6ZXIEWLZ94PG9G5T",,"Alphabet position of third letter.","0","[3,14,3,12,14,1,14,14,11,0,17,2,24,18]","0","5","1","40328","KEYBOARD",,"180","2018-04-23 17:29:46","15931"
"A1767F572WVYDI","cs_wg_v7_real3","3H8DHMCCW9C399HB2FHUH3PP9EODK1",,"Alphabet position of third letter.","0","[3,14,3,12,14,1,14,14,11,0,17,2,24,18]","0","5","1","25957","KEYBOARD",,"180","2018-04-23 17:29:56","15932"
"A15T7G57U3LOXM","cs_wg_v7_real3","3W2LOLRXLBGXAJ0GKGCEMS6TOFFKRE",,"Alphabet position of third letter.","0","[3,14,3,12,14,1,14,14,11,0,17,2,24,18]","0","5","1","29982","BASKET","ABCDEFGHIJKLMNOPQURSTUVWXYZ  19?","180","2018-04-23 17:30:01","15933"
"A34930YXVQ8SUT","cs_wg_v7_real3","3TMFV4NEP8FINEF1ALPHJM5JLU08WM",,"Alphabet position of third letter.","0","[3,14,3,12,14,1,14,14,11,0,17,2,24,18]","0","5","1","36293","KEYBOARD",,"180","2018-04-23 17:30:08","15934"
"A1G6F1HWIS2K2K","cs_wg_v7_real3","3KKG4CDWKIZ6SHFR57PCOQH3L7J94Q",,"Alphabet position of third letter.","0","[3,14,3,12,14,1,14,14,11,0,17,2,24,18]","0","5","1","33816","Keyboard","Doorway, basket, wedding, traffic, ladder, structure, machine, football, umbrella, bookshelf, helicopter, community, stomach","180","2018-04-23 17:30:12","15935"
"A32A1KM9YB0R1V","cs_wg_v7_real3","3ATPCQ38J8B0V73GMKRJ0AWUMQ0AYR",,"Alphabet position of third-to-last letter.","1","[9,1,4,9,5,12,1,23,20,6,21,9,1,11]","1","3","0","11195","basket",,"20","2018-04-23 17:30:14","15936"
"A1U8RH67FLZW87","cs_wg_v7_real3","3SBEHTYCWN4F1PMEY8JWH8KDZY5IY3",,"Alphabet position of third letter.","0","[3,14,3,12,14,1,14,14,11,0,17,2,24,18]","0","5","1","60273","Keyboard",,"180","2018-04-23 17:30:28","15937"
"A39VDI1CVOMMIN","cs_wg_v7_real3","3F6KKYWMNB24HF2EZS9A9V6T39TNDG",,"Alphabet position of third letter.","0","[3,14,3,12,14,1,14,14,11,0,17,2,24,18]","0","5","1","22450","Keyboard",,"180","2018-04-23 17:30:28","15938"
"A2P7Z2TKGACY2E","cs_wg_v7_real3","3EQHHY4HQST33A6ZXIEWLZ94PG9G5T",,"Alphabet position of third-to-last letter.","1","[9,1,4,9,5,12,1,23,20,6,21,9,1,11]","1","5","1","14636","basket",,"20","2018-04-23 17:30:35","15939"
"A2MI6AUNBXGL47","cs_wg_v7_real3","3PXX5PX6LXZ4IZA5CSDZSZYT1HIBAD",,"Alphabet position of third letter.","0","[3,14,3,12,14,1,14,14,11,0,17,2,24,18]","0","5","1","32788","KEYBOARD","HELICOPTER, UMBRELLA, KEYBOARD, MACHINE, COMMUNITY, LADDER, STOMACH, BOOKSHELF, STRUCTURE, DOORWAY, FOOTBALL, BASKET WEDDING, TRAFFIC","180","2018-04-23 17:30:39","15940"
"A1967FI5GJEZN8","cs_wg_v7_real3","317HQ483I7TLPQI0R6AL0SM6VE1IND",,"Alphabet position of third letter.","0","[3,14,3,12,14,1,14,14,11,0,17,2,24,18]","0","5","1","30918","keyboard",,"180","2018-04-23 17:30:40","15941"
"A1767F572WVYDI","cs_wg_v7_real3","3H8DHMCCW9C399HB2FHUH3PP9EODK1",,"Alphabet position of third-to-last letter.","1","[9,1,4,9,5,12,1,23,20,6,21,9,1,11]","1","5","1","11920","STOMACH",,"20","2018-04-23 17:30:40","15942"
"A13VTVP3F6DJZJ","cs_wg_v7_real3","3MMN5BL1WZ50H5FHU2OYJ7VH76U3MY",,"Alphabet position of third letter.","0","[3,14,3,12,14,1,14,14,11,0,17,2,24,18]","0","5","1","43515","keyboard",,"180","2018-04-23 17:30:44","15943"
"A33SKY7HS5PDT6","cs_wg_v7_real3","3GA6AFUKOOPEPRE6358LR2NLQKV3HP",,"Alphabet position of third letter.","0","[3,14,3,12,14,1,14,14,11,0,17,2,24,18]","0","3","0","36879","Structure",,"180","2018-04-23 17:30:46","15944"
"A1JJNB108BPMRN","cs_wg_v7_real3","3VSOLARPKBALALWN5TKTELPX77N935",,"Alphabet position of third letter.","0","[3,14,3,12,14,1,14,14,11,0,17,2,24,18]","0","5","1","26710","keyboard",,"180","2018-04-23 17:30:54","15945"
"AD7A7J28H5JDT","cs_wg_v7_real3","3LEP4MGT3G12G6DHW241I06ZMKFDBH",,"Alphabet position of third letter.","0","[3,14,3,12,14,1,14,14,11,0,17,2,24,18]","0","5","1","39544","KEYBOARD","WEDDING, MACHINE, HELICOPTER, STRUCTURE, KEYBOARD, DOORWAY, STOMACH, FOOTBALL, LADDER, COMMUNITY, BASKET, TRAFFIC, BOOKSHELF, UMBRELLA","180","2018-04-23 17:31:00","15946"
"A34930YXVQ8SUT","cs_wg_v7_real3","3TMFV4NEP8FINEF1ALPHJM5JLU08WM",,"Alphabet position of third-to-last letter.","1","[9,1,4,9,5,12,1,23,20,6,21,9,1,11]","1","5","1","18403","UMBRELLA",,"20","2018-04-23 17:31:03","15947"
"A1PKCBFB4QY19G","cs_wg_v7_real3","3Z9WI9EOZZPKLPMDOB0K8O4N16HKHH",,"Alphabet position of third letter.","0","[3,14,3,12,14,1,14,14,11,0,17,2,24,18]","0","5","1","22516","keyboard",,"180","2018-04-23 17:31:04","15948"
"AEQHPYXM9Z139","cs_wg_v7_real3","3G0WWMR1UVLY6O6J4EFU9UDSMOIQNO",,"Alphabet position of third letter.","0","[3,14,3,12,14,1,14,14,11,0,17,2,24,18]","0","5","1","34602","keyboard",,"180","2018-04-23 17:31:05","15949"
"A3MY453DZJD09","cs_wg_v7_real3","3E13VNJ1NNWIBJBBMJCN3L93SDWI15",,"Alphabet position of third letter.","0","[3,14,3,12,14,1,14,14,11,0,17,2,24,18]","0","5","1","37888","keyboard","keyboard = 25, basket = 20, football = 15, bookshelf = 15, structure = 19, community = 13, helicopter = 12, ladder = 4, ","180","2018-04-23 17:31:10","15950"
"A2YTQDLACTLIBA ","cs_wg_v7_real3","3DHE4R9OCWCB4DNCFZCYNS6S56IG2S",,"Alphabet position of third letter.","0","[3,14,3,12,14,1,14,14,11,0,17,2,24,18]","0","6","0","37719","Keyboard
Keyboard","Keyboard","180","2018-04-23 17:31:10","15951"
"A2M5S4Q46TQ7LU","cs_wg_v7_real3","30OG32W0SUC99LGEVNKUFDOE3LUNE9",,"Alphabet position of third letter.","0","[3,14,3,12,14,1,14,14,11,0,17,2,24,18]","0","5","1","77695","Keyboard","Bookshelf Basket
Keyboard","180","2018-04-23 17:31:10","15952"
"A39VDI1CVOMMIN","cs_wg_v7_real3","3F6KKYWMNB24HF2EZS9A9V6T39TNDG",,"Alphabet position of third-to-last letter.","1","[9,1,4,9,5,12,1,23,20,6,21,9,1,11]","1","3","0","9507","BOOKSHELF","BOOKSHELF","20","2018-04-23 17:31:11","15953"
"AE36DLYKMFMWJ","cs_wg_v7_real3","3IUZPWIU1O82IFH2JAMK9REAGUUKWH",,"Alphabet position of third letter.","0","[3,14,3,12,14,1,14,14,11,0,17,2,24,18]","0","5","1","42851","KEYBOARD",,"180","2018-04-23 17:31:13","15954"
"A15T7G57U3LOXM","cs_wg_v7_real3","3W2LOLRXLBGXAJ0GKGCEMS6TOFFKRE",,"Alphabet position of third-to-last letter.","1","[9,1,4,9,5,12,1,23,20,6,21,9,1,11]","1","5","1","30031","STRUCTURE","COMMUNITY, STRUCTURE, MACHINE

","20","2018-04-23 17:31:20","15955"
"A1HAEDUFPS233D","cs_wg_v7_real3","3K4J6M3CXEU09GIGSE5DTAPQHUAAGT",,"Alphabet position of third letter.","0","[3,14,3,12,14,1,14,14,11,0,17,2,24,18]","0","5","1","27938","MACHINE",,"180","2018-04-23 17:31:26","15956"
"A2ZNOMZ35LKY8Q","cs_wg_v7_real3","36PW28KO4ZX2P2MPMJFPT74E4EVAEC",,"Alphabet position of third letter.","0","[3,14,3,12,14,1,14,14,11,0,17,2,24,18]","0","5","1","34043","Keyboard",,"180","2018-04-23 17:31:26","15957"
"A1U8RH67FLZW87","cs_wg_v7_real3","3SBEHTYCWN4F1PMEY8JWH8KDZY5IY3",,"Alphabet position of third-to-last letter.","1","[9,1,4,9,5,12,1,23,20,6,21,9,1,11]","1","5","1","23150","doorway",,"20","2018-04-23 17:31:29","15958"
"A1G6F1HWIS2K2K","cs_wg_v7_real3","3KKG4CDWKIZ6SHFR57PCOQH3L7J94Q",,"Alphabet position of third-to-last letter.","1","[9,1,4,9,5,12,1,23,20,6,21,9,1,11]","1","5","1","25171",,"Basket, traffic, wedding, bookshelf, ","20","2018-04-23 17:31:36","15959"
"A1967FI5GJEZN8","cs_wg_v7_real3","317HQ483I7TLPQI0R6AL0SM6VE1IND",,"Alphabet position of third-to-last letter.","1","[9,1,4,9,5,12,1,23,20,6,21,9,1,11]","1","5","1","22733","structure",,"20","2018-04-23 17:31:36","15960"
"AEWP2YJBBFIOR","cs_wg_v7_real3","3TPZPLC3M0D628CUMIGQ0BPCCB53PU",,"Alphabet position of third letter.","0","[3,14,3,12,14,1,14,14,11,0,17,2,24,18]","0","5","1","37231","keyboard",,"180","2018-04-23 17:31:37","15961"
"A33SKY7HS5PDT6","cs_wg_v7_real3","3GA6AFUKOOPEPRE6358LR2NLQKV3HP",,"Alphabet position of third-to-last letter.","1","[9,1,4,9,5,12,1,23,20,6,21,9,1,11]","1","5","1","19776","zoo",,"20","2018-04-23 17:31:37","15962"
"AHIM8PGYOIN0K","cs_wg_v7_real3","3WYP994K17SZ85RDW7A7K5U8Q79Y6O",,"Alphabet position of third letter.","0","[3,14,3,12,14,1,14,14,11,0,17,2,24,18]","0","5","1","39285","Keyboard","Keyboard","180","2018-04-23 17:31:43","15963"
"A2MI6AUNBXGL47","cs_wg_v7_real3","3PXX5PX6LXZ4IZA5CSDZSZYT1HIBAD",,"Alphabet position of third-to-last letter.","1","[9,1,4,9,5,12,1,23,20,6,21,9,1,11]","1","5","1","23256","COMMUNI",,"20","2018-04-23 17:31:46","15964"
"A1MS98IHMLG24F","cs_wg_v7_real3","32AT8R96GLANEU55TJGLIPKNC8WSU7",,"Alphabet position of third letter.","0","[3,14,3,12,14,1,14,14,11,0,17,2,24,18]","0","5","1","49211","Keyboard ",,"180","2018-04-23 17:31:48","15965"
"A1JJNB108BPMRN","cs_wg_v7_real3","3VSOLARPKBALALWN5TKTELPX77N935",,"Alphabet position of third-to-last letter.","1","[9,1,4,9,5,12,1,23,20,6,21,9,1,11]","1","5","1","20704",,,"20","2018-04-23 17:31:53","15966"
"AD7A7J28H5JDT","cs_wg_v7_real3","3LEP4MGT3G12G6DHW241I06ZMKFDBH",,"Alphabet position of third-to-last letter.","1","[9,1,4,9,5,12,1,23,20,6,21,9,1,11]","1","5","1","19642","DOORWAY",,"20","2018-04-23 17:31:58","15967"
"A13VTVP3F6DJZJ","cs_wg_v7_real3","3MMN5BL1WZ50H5FHU2OYJ7VH76U3MY",,"Alphabet position of third-to-last letter.","1","[9,1,4,9,5,12,1,23,20,6,21,9,1,11]","1","5","1","36224","community",,"20","2018-04-23 17:32:01","15968"
"A2M5S4Q46TQ7LU","cs_wg_v7_real3","30OG32W0SUC99LGEVNKUFDOE3LUNE9",,"Alphabet position of third-to-last letter.","1","[9,1,4,9,5,12,1,23,20,6,21,9,1,11]","1","5","1","15928","Bookshelf","Basketball
Bookshelf
","20","2018-04-23 17:32:01","15969"
"A3MY453DZJD09","cs_wg_v7_real3","3E13VNJ1NNWIBJBBMJCN3L93SDWI15",,"Alphabet position of third-to-last letter.","1","[9,1,4,9,5,12,1,23,20,6,21,9,1,11]","1","5","1","16194","bookshelf",,"20","2018-04-23 17:32:05","15970"
"AMNFCZY7X063T","cs_wg_v7_real3","3JNQLM5FT4NRQ51DQQ9E0KB01N4L23",,"Alphabet position of third letter.","0","[3,14,3,12,14,1,14,14,11,0,17,2,24,18]","0","5","1","71657","Keyboard
","Keyboard","180","2018-04-23 17:32:05","15971"
"A1LMDMSKQ96PHP","cs_wg_v7_real3","378XPAWRUCEE57OBI25GEM26W72IAT",,"Alphabet position of third letter.","0","[3,14,3,12,14,1,14,14,11,0,17,2,24,18]","0","3","0","2587","Keyboard","Keyboard","180","2018-04-23 17:32:08","15972"
"AE36DLYKMFMWJ","cs_wg_v7_real3","3IUZPWIU1O82IFH2JAMK9REAGUUKWH",,"Alphabet position of third-to-last letter.","1","[9,1,4,9,5,12,1,23,20,6,21,9,1,11]","1","5","1","18592","MACHINE",,"20","2018-04-23 17:32:10","15973"
"A2K04XRYSF3KDD","cs_wg_v7_real3","3C44YUNSI1Q4K0ERF7M2DKBO3OUDP2",,"Alphabet position of third letter.","0","[3,14,3,12,14,1,14,14,11,0,17,2,24,18]","0","5","1","52307","KEYBOARD",,"180","2018-04-23 17:32:11","15974"
"A1AREBIHWPXTU3","cs_wg_v7_real3","3X73LLYYQ1FLTV7GLOS00GLRV1MNHP",,"Alphabet position of third letter.","0","[3,14,3,12,14,1,14,14,11,0,17,2,24,18]","0","5","1","48491","Basket,Traffic,Machine","Machine,wedding,Basket,Traffic, Bookshelf, Umbrella,Ladder.","180","2018-04-23 17:32:15","15975"
"AEQHPYXM9Z139","cs_wg_v7_real3","3G0WWMR1UVLY6O6J4EFU9UDSMOIQNO",,"Alphabet position of third-to-last letter.","1","[9,1,4,9,5,12,1,23,20,6,21,9,1,11]","1","5","1","35032","doorway","doorway, ladder, keyboard, stomach, machine, umbrella","20","2018-04-23 17:32:15","15976"
"A1HAEDUFPS233D","cs_wg_v7_real3","3K4J6M3CXEU09GIGSE5DTAPQHUAAGT",,"Alphabet position of third-to-last letter.","1","[9,1,4,9,5,12,1,23,20,6,21,9,1,11]","1","3","0","15149","STOMACH",,"20","2018-04-23 17:32:16","15977"
"AUCHGHY1IKZZK","cs_wg_v7_real3","3WI0P0II61TPWDU6SZQRIFB346IDRU",,"Alphabet position of third letter.","0","[3,14,3,12,14,1,14,14,11,0,17,2,24,18]","0","5","1","2017","stomach pain","Machine:washer
stomach:pain
football:pole
wedding:bride
ladder:step
doorway:handle
helicopter:propeller
basket:case
umbrella:rain
community:unbrella","180","2018-04-23 17:32:24","15978"
"A144T42X6B04VA","cs_wg_v7_real3","3WQQ9FUS6AVQZBHQFUTLW8SYBTIB89",,"Alphabet position of third letter.","0","[3,14,3,12,14,1,14,14,11,0,17,2,24,18]","0","5","1","31986","STRUCTURE","BLOCK","180","2018-04-23 17:32:28","15979"
"A1PX1LSJZM3RIP","cs_wg_v7_real3","3W8CV64QJ2004T3MKE9VIFQ7QC69HD",,"Alphabet position of third letter.","0","[3,14,3,12,14,1,14,14,11,0,17,2,24,18]","0","5","1","26983","KEYBOARD",,"180","2018-04-23 17:32:30","15980"
"A7WK050B5R2QN","cs_wg_v7_real3","3MHW492WW0EKTEH0ECU422N0YQNVMN",,"Alphabet position of third letter.","0","[3,14,3,12,14,1,14,14,11,0,17,2,24,18]","0","5","1","38372","keyboard","keyboard","180","2018-04-23 17:32:32","15981"
"AHIM8PGYOIN0K","cs_wg_v7_real3","3WYP994K17SZ85RDW7A7K5U8Q79Y6O",,"Alphabet position of third-to-last letter.","1","[9,1,4,9,5,12,1,23,20,6,21,9,1,11]","1","5","1","20452","Helicopter",,"20","2018-04-23 17:32:36","15982"
"A1MS98IHMLG24F","cs_wg_v7_real3","32AT8R96GLANEU55TJGLIPKNC8WSU7",,"Alphabet position of third-to-last letter.","1","[9,1,4,9,5,12,1,23,20,6,21,9,1,11]","1","5","1","18480",,"machine","20","2018-04-23 17:32:41","15983"
"AEWP2YJBBFIOR","cs_wg_v7_real3","3TPZPLC3M0D628CUMIGQ0BPCCB53PU",,"Alphabet position of third-to-last letter.","1","[9,1,4,9,5,12,1,23,20,6,21,9,1,11]","1","5","1","21265","structure","BOOKSHELF, UMBRELLA, BASKET, LADDER, TRAFFIC, DOORWAY, HELICOPTER, STOMACH, COMMUNITY, FOOTBALL, STRUCTURE, KEYBOARD, MACHINE, WEDDING","20","2018-04-23 17:32:42","15984"
"A2YTQDLACTLIBA ","cs_wg_v7_real3","3DHE4R9OCWCB4DNCFZCYNS6S56IG2S",,"Alphabet position of third-to-last letter.","1","[9,1,4,9,5,12,1,23,20,6,21,9,1,11]","1","5","1","39510",,"Structure
Basket
Helico","20","2018-04-23 17:32:43","15985"
"A39YBI3TW5L004","cs_wg_v7_real3","3N1FSUEFL51IV7S8HNUEAM0TCSYD4B",,"Alphabet position of third letter.","0","[3,14,3,12,14,1,14,14,11,0,17,2,24,18]","0","5","1","59259","Basket",,"180","2018-04-23 17:32:48","15986"
"A1E2AB5N0CWJHJ","cs_wg_v7_real3","3T3IWE1XG6OW11B31A16ITJKB64QTP",,"Alphabet position of third letter.","0","[3,14,3,12,14,1,14,14,11,0,17,2,24,18]","0","5","1","40960","KEYBOARD",,"180","2018-04-23 17:32:54","15987"
"A1PKCBFB4QY19G","cs_wg_v7_real3","3Z9WI9EOZZPKLPMDOB0K8O4N16HKHH",,"Alphabet position of third-to-last letter.","1","[9,1,4,9,5,12,1,23,20,6,21,9,1,11]","1","5","1","78672","community","community traffic keyboard basket football","20","2018-04-23 17:32:59","15988"
"AMNFCZY7X063T","cs_wg_v7_real3","3JNQLM5FT4NRQ51DQQ9E0KB01N4L23",,"Alphabet position of third-to-last letter.","1","[9,1,4,9,5,12,1,23,20,6,21,9,1,11]","1","3","0","9435","umbrella",,"20","2018-04-23 17:32:59","15989"
"A1LMDMSKQ96PHP","cs_wg_v7_real3","378XPAWRUCEE57OBI25GEM26W72IAT",,"Alphabet position of third-to-last letter.","1","[9,1,4,9,5,12,1,23,20,6,21,9,1,11]","1","5","1","17990",,"keyboard
basket
football
wedding
machine
stomach
","20","2018-04-23 17:33:03","15990"
"A1U5BE8XJRXKW3","cs_wg_v7_real3","34Q075JO1XE74OUVITNHXH976JF10T",,"Alphabet position of third letter.","0","[3,14,3,12,14,1,14,14,11,0,17,2,24,18]","0","5","1","33260","KEYBOARD",,"180","2018-04-23 17:33:04","15991"
"A2ZNOMZ35LKY8Q","cs_wg_v7_real3","36PW28KO4ZX2P2MPMJFPT74E4EVAEC",,"Alphabet position of third-to-last letter.","1","[9,1,4,9,5,12,1,23,20,6,21,9,1,11]","1","5","1","22462","Wedding",,"20","2018-04-23 17:33:07","15992"
"A2BF3A9KYSEFPO","cs_wg_v7_real3","3Z7EFSHGN9FZOHA41218NRF9KNRCXP",,"Alphabet position of third letter.","0","[3,14,3,12,14,1,14,14,11,0,17,2,24,18]","0","5","1","63252","y","Keyboard","180","2018-04-23 17:33:15","15993"
"A2MFG2IU76YEH0","cs_wg_v7_real3","3HFNH7HEMHFSWWPXHA2ZJA4VLCWQGG",,"Alphabet position of third letter.","0","[3,14,3,12,14,1,14,14,11,0,17,2,24,18]","0","5","1","128267","keyboard",,"180","2018-04-23 17:33:15","15994"
"A2K04XRYSF3KDD","cs_wg_v7_real3","3C44YUNSI1Q4K0ERF7M2DKBO3OUDP2",,"Alphabet position of third-to-last letter.","1","[9,1,4,9,5,12,1,23,20,6,21,9,1,11]","1","5","1","28851",,"FOOTBALL
COMMUNITY 
","20","2018-04-23 17:33:19","15995"
"A1PX1LSJZM3RIP","cs_wg_v7_real3","3W8CV64QJ2004T3MKE9VIFQ7QC69HD",,"Alphabet position of third-to-last letter.","1","[9,1,4,9,5,12,1,23,20,6,21,9,1,11]","1","5","1","11979","DOORWAY","BOOKSHELF, DOORWAY, STRUCTURE, KEYBOARD, WEDDING, ","20","2018-04-23 17:33:21","15996"
"A136K9Y7E4C3G","cs_wg_v7_real3","3X87C8JFV6CVM1YOCAWG8ONY9NQQS0",,"Alphabet position of third letter.","0","[3,14,3,12,14,1,14,14,11,0,17,2,24,18]","0","5","1","23643","KEYBOARD",,"180","2018-04-23 17:33:21","15997"
"A86GVZDTI15V0","cs_wg_v7_real3","3QUO65DNQUP8G2DCM2ZCYKAMFJTOU6",,"Alphabet position of third letter.","0","[3,14,3,12,14,1,14,14,11,0,17,2,24,18]","0","5","1","25782","Keyboard",,"180","2018-04-23 17:33:26","15998"
"A32A1KM9YB0R1V","cs_wg_v7_real3","3ATPCQ38J8B0V73GMKRJ0AWUMQ0AYR",,"Memory","2",,"2","10","1","8933","[""basket"",""football"",""window"",""wedding"",""bookshelf"","""","""","""","""","""","""","""","""",""""]",,"180","2018-04-23 17:33:26","15999"
"A7WK050B5R2QN","cs_wg_v7_real3","3MHW492WW0EKTEH0ECU422N0YQNVMN",,"Alphabet position of third-to-last letter.","1","[9,1,4,9,5,12,1,23,20,6,21,9,1,11]","1","5","1","22469",,"bookshelf
wedding 
helicopter
traffic
basket
football","20","2018-04-23 17:33:34","16000"
"A1ST0FIJXMNPPW","cs_wg_v7_real3","3YT88D1N08Z5RHFE9QBI4U3DI1Z3KT",,"Alphabet position of third letter.","0","[3,14,3,12,14,1,14,14,11,0,17,2,24,18]","0","5","1","34960","KEYBOARD","XYZ","180","2018-04-23 17:33:36","16001"
"A37DTVGS7RX6AG","cs_wg_v7_real3","3S3AMIZX3U6LQB5NA20WTKCH45FDCO",,"Alphabet position of third letter.","0","[3,14,3,12,14,1,14,14,11,0,17,2,24,18]","0","5","1","41690","keyboard",,"180","2018-04-23 17:33:44","16002"
"A144T42X6B04VA","cs_wg_v7_real3","3WQQ9FUS6AVQZBHQFUTLW8SYBTIB89",,"Alphabet position of third-to-last letter.","1","[9,1,4,9,5,12,1,23,20,6,21,9,1,11]","1","5","1","43430",,"COMMUNITY
MACHINE
HELICOPTER
TRAFFIC
","20","2018-04-23 17:33:46","16003"
"A2P7Z2TKGACY2E","cs_wg_v7_real3","3EQHHY4HQST33A6ZXIEWLZ94PG9G5T",,"Memory","2",,"2","10","1","8543","[""doorway"",""football"",""basket"",""keyboard"",""umbrella"","""","""","""","""","""","""","""","""",""""]",,"180","2018-04-23 17:33:47","16004"
"A2S6D47RWJTUOB","cs_wg_v7_real3","36V4Q8R5ZK1SO6LJSD0UWFOSHY8QMO",,"Alphabet position of third letter.","0","[3,14,3,12,14,1,14,14,11,0,17,2,24,18]","0","5","1","24680","KEYBOARD",,"180","2018-04-23 17:33:52","16005"
"A1E2AB5N0CWJHJ","cs_wg_v7_real3","3T3IWE1XG6OW11B31A16ITJKB64QTP",,"Alphabet position of third-to-last letter.","1","[9,1,4,9,5,12,1,23,20,6,21,9,1,11]","1","5","1","21322","Secrets",,"20","2018-04-23 17:33:53","16006"
"A1767F572WVYDI","cs_wg_v7_real3","3H8DHMCCW9C399HB2FHUH3PP9EODK1",,"Memory","2",,"2","10","1","9717","[""STOMACH"",""BOOKSHELF"",""FOOTBALL"",""KEYBOARD"",""COMMUNITY"",""DOORWAY"","""","""","""","""","""","""","""",""""]",,"180","2018-04-23 17:33:53","16007"
"A39YBI3TW5L004","cs_wg_v7_real3","3N1FSUEFL51IV7S8HNUEAM0TCSYD4B",,"Alphabet position of third-to-last letter.","1","[9,1,4,9,5,12,1,23,20,6,21,9,1,11]","1","5","1","25211",,"umbrella, bookshelf, helicopter, we","20","2018-04-23 17:33:57","16008"
"A12EQIULBHM4HJ","cs_wg_v7_real3","3L70J4KAZGNXXW8PQO45NPMT42UADJ",,"Alphabet position of third letter.","0","[3,14,3,12,14,1,14,14,11,0,17,2,24,18]","0","5","1","64741","Keyboard",,"180","2018-04-23 17:34:00","16009"
"A2MFG2IU76YEH0","cs_wg_v7_real3","3HFNH7HEMHFSWWPXHA2ZJA4VLCWQGG",,"Alphabet position of third-to-last letter.","1","[9,1,4,9,5,12,1,23,20,6,21,9,1,11]","1","3","0","13703","structure",,"20","2018-04-23 17:34:04","16010"
"A1U5BE8XJRXKW3","cs_wg_v7_real3","34Q075JO1XE74OUVITNHXH976JF10T",,"Alphabet position of third-to-last letter.","1","[9,1,4,9,5,12,1,23,20,6,21,9,1,11]","1","5","1","25948",,"basket","20","2018-04-23 17:34:09","16011"
"A86GVZDTI15V0","cs_wg_v7_real3","3QUO65DNQUP8G2DCM2ZCYKAMFJTOU6",,"Alphabet position of third-to-last letter.","1","[9,1,4,9,5,12,1,23,20,6,21,9,1,11]","1","5","1","10839","Umbrella","Umbrella
easter","20","2018-04-23 17:34:10","16012"
"A34930YXVQ8SUT","cs_wg_v7_real3","3TMFV4NEP8FINEF1ALPHJM5JLU08WM",,"Memory","2",,"2","10","1","13837","[""UMBRELLA"",""KEYBOARD"",""STRUCTURE"",""COMMUNITY"","""","""","""","""","""","""","""","""","""",""""]",,"180","2018-04-23 17:34:20","16013"
"A3O7XZXXSLZBI9","cs_wg_v7_real3","3QAVNHZ3EM5GV8WH352T62UYDBWALZ",,"Alphabet position of third letter.","0","[3,14,3,12,14,1,14,14,11,0,17,2,24,18]","0","5","1","91150","keyboard","keyboard","180","2018-04-23 17:34:21","16014"
"A39VDI1CVOMMIN","cs_wg_v7_real3","3F6KKYWMNB24HF2EZS9A9V6T39TNDG",,"Memory","2",,"2","10","1","6853","[""BOOKSHELF"",""TRAFFIC"",""LADDER"",""BASKET"",""DOORWAY"",""HELICOPTER"",""UMBRELLA"",""KEYBOARD"",""RAINBOW"",""FOOTBALL"","""","""","""",""""]",,"180","2018-04-23 17:34:21","16015"
"A1ST0FIJXMNPPW","cs_wg_v7_real3","3YT88D1N08Z5RHFE9QBI4U3DI1Z3KT",,"Alphabet position of third-to-last letter.","1","[9,1,4,9,5,12,1,23,20,6,21,9,1,11]","1","5","1","27083","accident",,"20","2018-04-23 17:34:38","16016"
"A15T7G57U3LOXM","cs_wg_v7_real3","3W2LOLRXLBGXAJ0GKGCEMS6TOFFKRE",,"Memory","2",,"2","10","1","16178","[""BASKET"",""STRUCTURE"",""COMMUNITY"",""BOOKSHELF"",""DOORWAY"",""MACHINE"","""","""","""","""","""","""","""",""""]",,"180","2018-04-23 17:34:40","16017"
"A2S6D47RWJTUOB","cs_wg_v7_real3","36V4Q8R5ZK1SO6LJSD0UWFOSHY8QMO",,"Alphabet position of third-to-last letter.","1","[9,1,4,9,5,12,1,23,20,6,21,9,1,11]","1","5","1","16498","BASKET",,"20","2018-04-23 17:34:45","16018"
"A1ZTSCPETU3UJW","cs_wg_v7_real3","3B2X28YI3WG3VXY2MFWNCUW75YSB6N",,"Alphabet position of third letter.","0","[3,14,3,12,14,1,14,14,11,0,17,2,24,18]","0","5","1","41551","Keyboard",,"180","2018-04-23 17:34:45","16019"
"A1VC6F0FYG1L5I","cs_wg_v7_real3","3P4MQ7TPPXD919FXI6DVNAIZJZ3BB8",,"Alphabet position of third letter.","0","[3,14,3,12,14,1,14,14,11,0,17,2,24,18]","0","5","1","56115","KEYBOARD","KEYBOARD","180","2018-04-23 17:34:47","16020"
"A2TN5NSHC2BZ12","cs_wg_v7_real3","3P4RDNWND57P60RFC8IT7L5PMUWIJ9",,"Alphabet position of third letter.","0","[3,14,3,12,14,1,14,14,11,0,17,2,24,18]","0","5","1","24964","keyboard","r s y keyboard","180","2018-04-23 17:34:48","16021"
"A37DTVGS7RX6AG","cs_wg_v7_real3","3S3AMIZX3U6LQB5NA20WTKCH45FDCO",,"Alphabet position of third-to-last letter.","1","[9,1,4,9,5,12,1,23,20,6,21,9,1,11]","1","5","1","25252","community",,"20","2018-04-23 17:34:48","16022"
"A1U8RH67FLZW87","cs_wg_v7_real3","3SBEHTYCWN4F1PMEY8JWH8KDZY5IY3",,"Memory","2",,"2","10","1","16615","[""keyboard"",""ladder"",""structure"",""bookshelf"",""doorway"",""stomach"",""football"",""community"",""basket"",""traffic"",""wedding"",""machine"",""helicopter"",""""]",,"180","2018-04-23 17:34:49","16023"
"A2N2GFB33ZMYGF","cs_wg_v7_real3","37FMASSAYCSJOHT3OG5C9XMCEPNIBO",,"Alphabet position of third letter.","0","[3,14,3,12,14,1,14,14,11,0,17,2,24,18]","0","5","1","40229","Structure",,"180","2018-04-23 17:34:50","16024"
"A33SKY7HS5PDT6","cs_wg_v7_real3","3GA6AFUKOOPEPRE6358LR2NLQKV3HP",,"Memory","2",,"2","10","1","9457","[""wedding"",""community"",""basket"",""helicopter"",""traffic"",""doorway"",""stomach"","""","""","""","""","""","""",""""]",,"180","2018-04-23 17:34:51","16025"
"A1967FI5GJEZN8","cs_wg_v7_real3","317HQ483I7TLPQI0R6AL0SM6VE1IND",,"Memory","2",,"2","10","1","14663","[""structure"",""community"",""keyboard"",""basket"",""helicopter"","""","""","""","""","""","""","""","""",""""]",,"180","2018-04-23 17:34:54","16026"
"A1G6F1HWIS2K2K","cs_wg_v7_real3","3KKG4CDWKIZ6SHFR57PCOQH3L7J94Q",,"Memory","2",,"2","10","1","17609","[""Basket"",""Bookshelf"",""Traffic"",""Keyboard"",""Structure"",""Community"",""Wedding"",""Basket"",""Stomach"",""ladder"","""","""","""",""""]",,"180","2018-04-23 17:34:56","16027"
"A1AREBIHWPXTU3","cs_wg_v7_real3","3X73LLYYQ1FLTV7GLOS00GLRV1MNHP",,"Alphabet position of third-to-last letter.","1","[9,1,4,9,5,12,1,23,20,6,21,9,1,11]","1","3","0","137035","basket,Wedding","basket,Wedding,great","20","2018-04-23 17:35:03","16028"
"A2AMD4XVHLKZWY","cs_wg_v7_real3","3IXQG4FA2TZQDG00KMZZW4N9VZ0B9Y",,"Alphabet position of third letter.","0","[3,14,3,12,14,1,14,14,11,0,17,2,24,18]","0","5","1","41689","keyboard",,"180","2018-04-23 17:35:09","16029"
"A2MI6AUNBXGL47","cs_wg_v7_real3","3PXX5PX6LXZ4IZA5CSDZSZYT1HIBAD",,"Memory","2",,"2","10","1","20644","[""TRAFFIC"",""COMMUNITY"",""UMBRELLA"",""BOOKSHELF"",""HELICOPTER"",""KEYBOARD"","""","""","""","""","""","""","""",""""]",,"180","2018-04-23 17:35:10","16030"
"A2BF3A9KYSEFPO","cs_wg_v7_real3","3Z7EFSHGN9FZOHA41218NRF9KNRCXP",,"Alphabet position of third-to-last letter.","1","[9,1,4,9,5,12,1,23,20,6,21,9,1,11]","1","5","1","73132",,"zin","20","2018-04-23 17:35:12","16031"
"A1JJNB108BPMRN","cs_wg_v7_real3","3VSOLARPKBALALWN5TKTELPX77N935",,"Memory","2",,"2","10","1","17501","[""Traffic"",""Wedding"",""Bookshelf"",""Basket"",""Keyboard"",""Football"",""Machine"",""Umbrella"",""Ladder"","""","""","""","""",""""]",,"180","2018-04-23 17:35:13","16032"
"A2M5S4Q46TQ7LU","cs_wg_v7_real3","30OG32W0SUC99LGEVNKUFDOE3LUNE9",,"Memory","2",,"2","10","1","9813","[""Basketball"",""Football"",""Bookshelf"",""Doorway"",""Keyboard"",""Traffic"","""","""","""","""","""","""","""",""""]",,"180","2018-04-23 17:35:14","16033"
"AD7A7J28H5JDT","cs_wg_v7_real3","3LEP4MGT3G12G6DHW241I06ZMKFDBH",,"Memory","2",,"2","10","1","17026","[""keyboard"",""doorway"",""helicopter"",""football"",""ladder"",""community"",""traffic"",""bookshelf"",""umbrella"",""structure"",""wedding"","""","""",""""]",,"180","2018-04-23 17:35:18","16034"
"A12EQIULBHM4HJ","cs_wg_v7_real3","3L70J4KAZGNXXW8PQO45NPMT42UADJ",,"Alphabet position of third-to-last letter.","1","[9,1,4,9,5,12,1,23,20,6,21,9,1,11]","1","5","1","19732","Basket",,"20","2018-04-23 17:35:21","16035"
"AE36DLYKMFMWJ","cs_wg_v7_real3","3IUZPWIU1O82IFH2JAMK9REAGUUKWH",,"Memory","2",,"2","10","1","13258","[""MACHINE"",""FOOTBALL"",""KEYBOARD"",""STRUCTURE"",""LADDER"",""BOOKSHELF"",""HELICOPTER"","""","""","""","""","""","""",""""]",,"180","2018-04-23 17:35:26","16036"
"ANT979UZZF7N0","cs_wg_v7_real3","37Z929RLG998EHQGTEQBDTYLTUPSTG",,"Alphabet position of third letter.","0","[3,14,3,12,14,1,14,14,11,0,17,2,24,18]","0","3","0","22125","keyboard","keyboard","180","2018-04-23 17:35:26","16037"
"A3O7XZXXSLZBI9","cs_wg_v7_real3","3QAVNHZ3EM5GV8WH352T62UYDBWALZ",,"Alphabet position of third-to-last letter.","1","[9,1,4,9,5,12,1,23,20,6,21,9,1,11]","1","5","1","30491",,,"20","2018-04-23 17:35:29","16038"
"A1HAEDUFPS233D","cs_wg_v7_real3","3K4J6M3CXEU09GIGSE5DTAPQHUAAGT",,"Memory","2",,"2","10","1","10628","[""STOMACH"",""BOOKSHELF"",""MACHINE"","""","""","""","""","""","""","""","""","""","""",""""]",,"180","2018-04-23 17:35:30","16039"
"A3MY453DZJD09","cs_wg_v7_real3","3E13VNJ1NNWIBJBBMJCN3L93SDWI15",,"Memory","2",,"2","10","1","25100","[""bookshelf"",""helicopter"",""structure"",""keyboard"",""wedding"",""community"",""machine"",""doorway"",""basket"",""traffic"","""","""","""",""""]",,"180","2018-04-23 17:35:33","16040"
"A1VC6F0FYG1L5I","cs_wg_v7_real3","3P4MQ7TPPXD919FXI6DVNAIZJZ3BB8",,"Alphabet position of third-to-last letter.","1","[9,1,4,9,5,12,1,23,20,6,21,9,1,11]","1","5","1","20062",,"COMM","20","2018-04-23 17:35:40","16041"
"A13VTVP3F6DJZJ","cs_wg_v7_real3","3MMN5BL1WZ50H5FHU2OYJ7VH76U3MY",,"Memory","2",,"2","10","1","37694","[""community "",""stomach"",""keyboard"",""helicopter"",""ladder"","""","""","""","""","""","""","""","""",""""]",,"180","2018-04-23 17:35:42","16042"
"A3FJCLBK3HF4PD","cs_wg_v7_real3","3ZAZR5XV01JOTCAJ2KPTKCVKSNPCZM",,"Alphabet position of third letter.","0","[3,14,3,12,14,1,14,14,11,0,17,2,24,18]","0","6","0","24603","Keyboard","Not traffic, machine, ladder, basket, helicopter, umbrella, wedding, double o's","180","2018-04-23 17:35:43","16043"
"AEQHPYXM9Z139","cs_wg_v7_real3","3G0WWMR1UVLY6O6J4EFU9UDSMOIQNO",,"Memory","2",,"2","10","1","24962","[""ladder"",""machine"",""doorway"",""stomach"",""umbrella"",""basket"",""community"",""traffic"",""keyboard"","""","""","""","""",""""]",,"180","2018-04-23 17:35:43","16044"
"A30YUB0WTMKX73","cs_wg_v7_real3","34Z02EIMISE8D864KC7R3NS2Y260T1",,"Alphabet position of third letter.","0","[3,14,3,12,14,1,14,14,11,0,17,2,24,18]","0","5","1","26164","keyboard","s
r
y","180","2018-04-23 17:35:50","16045"
"A1ZTSCPETU3UJW","cs_wg_v7_real3","3B2X28YI3WG3VXY2MFWNCUW75YSB6N",,"Alphabet position of third-to-last letter.","1","[9,1,4,9,5,12,1,23,20,6,21,9,1,11]","1","5","1","28720","structure",,"20","2018-04-23 17:35:55","16046"
"AHIM8PGYOIN0K","cs_wg_v7_real3","3WYP994K17SZ85RDW7A7K5U8Q79Y6O",,"Memory","2",,"2","10","1","16788","[""Helicopter"",""Wedding"",""Keyboard"",""Ladder"",""Structure"",""Community"","""","""","""","""","""","""","""",""""]",,"180","2018-04-23 17:35:56","16047"
"A1MS98IHMLG24F","cs_wg_v7_real3","32AT8R96GLANEU55TJGLIPKNC8WSU7",,"Memory","2",,"2","10","1","16439","[""machine"",""wedding"",""keyboard"",""stomach"","""","""","""","""","""","""","""","""","""",""""]",,"180","2018-04-23 17:36:00","16048"
"A5OJKP735Y75J","cs_wg_v7_real3","3WEV0KO0OMT1XSUJ7OQW8PGZQ81DSI",,"Alphabet position of third letter.","0","[3,14,3,12,14,1,14,14,11,0,17,2,24,18]","0","5","1","78570","Machine",,"180","2018-04-23 17:36:00","16049"
"AO3NZXSI6KQSZ","cs_wg_v7_real3","3E1QT0TDFPA0MJVWL4L2IVWB6J2I8P",,"Alphabet position of third letter.","0","[3,14,3,12,14,1,14,14,11,0,17,2,24,18]","0","5","1","53464","KEYBOARD",,"180","2018-04-23 17:36:08","16050"
"A1HRP7CF28PVY","cs_wg_v7_real3","3CTOC39K37RSHGAJTHEWGWFG8EM7J4",,"Alphabet position of third letter.","0","[3,14,3,12,14,1,14,14,11,0,17,2,24,18]","0","5","1","30640","keyboard",,"180","2018-04-23 17:36:11","16051"
"A2N2GFB33ZMYGF","cs_wg_v7_real3","37FMASSAYCSJOHT3OG5C9XMCEPNIBO",,"Alphabet position of third-to-last letter.","1","[9,1,4,9,5,12,1,23,20,6,21,9,1,11]","1","5","1","42272","Traffic","Traffic","20","2018-04-23 17:36:12","16052"
"AEWP2YJBBFIOR","cs_wg_v7_real3","3TPZPLC3M0D628CUMIGQ0BPCCB53PU",,"Memory","2",,"2","10","1","27339","[""keyboard"",""structure"",""ladder"",""traffic"",""community"",""football"",""wedding"",""bookshelf"",""unbrella"","""","""","""","""",""""]",,"180","2018-04-23 17:36:12","16053"
"A1LMDMSKQ96PHP","cs_wg_v7_real3","378XPAWRUCEE57OBI25GEM26W72IAT",,"Memory","2",,"2","10","1","7804","[""Stomach"",""Wedding"",""Machine"",""Doorway"",""Keyboard"",""Football"",""Basket"",""Structure"",""Umbrella"",""Bookshelf"",""Community"","""","""",""""]",,"180","2018-04-23 17:36:14","16054"
"A2YTQDLACTLIBA ","cs_wg_v7_real3","3DHE4R9OCWCB4DNCFZCYNS6S56IG2S",,"Memory","2",,"2","10","1","27195","[""Basket"",""Structure"",""Helicopter"",""Bookcase"",""Ladder"",""Keyboard"","""","""","""","""","""","""","""",""""]",,"180","2018-04-23 17:36:14","16055"
"A1PKCBFB4QY19G","cs_wg_v7_real3","3Z9WI9EOZZPKLPMDOB0K8O4N16HKHH",,"Memory","2",,"2","10","1","13264","[""community"",""traffic"",""football"",""keyboard"",""basket"",""stomach"",""structure"",""wedding"","""","""","""","""","""",""""]",,"180","2018-04-23 17:36:15","16056"
"AMNFCZY7X063T","cs_wg_v7_real3","3JNQLM5FT4NRQ51DQQ9E0KB01N4L23",,"Memory","2",,"2","10","1","20751","[""Umbrella"",""Helicopter"",""Bookshelf"",""Machine"",""keyboard"",""ladder"",""doorway"",""Wedding"",""building"","""","""","""","""",""""]",,"180","2018-04-23 17:36:22","16057"
"A2K04XRYSF3KDD","cs_wg_v7_real3","3C44YUNSI1Q4K0ERF7M2DKBO3OUDP2",,"Memory","2",,"2","8","0","9008","[""KEYBOARD"",""FOOTBALL"",""COMMUNITY"",""MACHINE"",""BOOKSHELF"","""","""","""","""","""","""","""","""",""""]",,"180","2018-04-23 17:36:31","16058"
"A2AMD4XVHLKZWY","cs_wg_v7_real3","3IXQG4FA2TZQDG00KMZZW4N9VZ0B9Y",,"Alphabet position of third-to-last letter.","1","[9,1,4,9,5,12,1,23,20,6,21,9,1,11]","1","5","1","40329","doorway",,"20","2018-04-23 17:36:34","16059"
"A1PX1LSJZM3RIP","cs_wg_v7_real3","3W8CV64QJ2004T3MKE9VIFQ7QC69HD",,"Memory","2",,"2","10","1","10463","[""KEYBOARD"",""WEDDING"",""STRUCTURE"",""MACHINE"",""TRAFFIC"",""HELICOPTER"",""BASKET"",""DOORWAY"",""BOOKSHELF"","""","""","""","""",""""]",,"180","2018-04-23 17:36:35","16060"
"A1K0NG4K8VG7E","cs_wg_v7_real3","3YHH42UU5BGKUVYZB350HWIL4PKL0J",,"Alphabet position of third letter.","0","[3,14,3,12,14,1,14,14,11,0,17,2,24,18]","0","5","1","2922","Keyboard,Wedding,machine","Keyboard,Wedding,machine,Helicopter,Stomach,Traffic,football","180","2018-04-23 17:36:35","16061"
"A2ZNOMZ35LKY8Q","cs_wg_v7_real3","36PW28KO4ZX2P2MPMJFPT74E4EVAEC",,"Memory","2",,"2","10","1","25295","[""Wedding"",""Football"",""Structure"",""Traffic"",""Keyboard"",""Basket"",""Helicopter"",""Machine"",""Community"","""","""","""","""",""""]",,"180","2018-04-23 17:36:36","16062"
"A30YUB0WTMKX73","cs_wg_v7_real3","34Z02EIMISE8D864KC7R3NS2Y260T1",,"Alphabet position of third-to-last letter.","1","[9,1,4,9,5,12,1,23,20,6,21,9,1,11]","1","5","1","13580","structure",,"20","2018-04-23 17:36:37","16063"
"A218S9QMWS15U","cs_wg_v7_real3","3P59JYT76LLF9I9IZZB5MBLHV0QT2E",,"Alphabet position of third letter.","0","[3,14,3,12,14,1,14,14,11,0,17,2,24,18]","0","5","1","35975","KEYBOARD",,"180","2018-04-23 17:36:38","16064"
"A3FJCLBK3HF4PD","cs_wg_v7_real3","3ZAZR5XV01JOTCAJ2KPTKCVKSNPCZM",,"Alphabet position of third-to-last letter.","1","[9,1,4,9,5,12,1,23,20,6,21,9,1,11]","1","5","1","26275","Doorway","Keyboard, Bookshelf, Doorway, Umbrella, ","20","2018-04-23 17:36:43","16065"
"A2TN5NSHC2BZ12","cs_wg_v7_real3","3P4RDNWND57P60RFC8IT7L5PMUWIJ9",,"Alphabet position of third-to-last letter.","1","[9,1,4,9,5,12,1,23,20,6,21,9,1,11]","1","5","1","49714","doorway","t w","20","2018-04-23 17:36:43","16066"
"ANT979UZZF7N0","cs_wg_v7_real3","37Z929RLG998EHQGTEQBDTYLTUPSTG",,"Alphabet position of third-to-last letter.","1","[9,1,4,9,5,12,1,23,20,6,21,9,1,11]","1","5","1","46562","community",,"20","2018-04-23 17:36:48","16067"
"A144T42X6B04VA","cs_wg_v7_real3","3WQQ9FUS6AVQZBHQFUTLW8SYBTIB89",,"Memory","2",,"2","10","1","11530","[""helicopter"",""wedding"",""bookshelf"",""machine"",""football"",""traffic"",""structure"",""umbrella"",""doorway"",""keyboard"",""basket"","""","""",""""]",,"180","2018-04-23 17:37:01","16068"
"A1WVRI8059VNDP","cs_wg_v7_real3","34Z02EIMISE8D864KC7R3NS2Y26T0U",,"Alphabet position of third letter.","0","[3,14,3,12,14,1,14,14,11,0,17,2,24,18]","0","5","1","52538","KEYBOARD",,"180","2018-04-23 17:37:03","16069"
"A7WK050B5R2QN","cs_wg_v7_real3","3MHW492WW0EKTEH0ECU422N0YQNVMN",,"Memory","2",,"2","10","1","27366","[""bookshelf"",""basket"",""keyboard"",""helicopter"",""football"",""wedding"",""structure"",""community"",""doorway"",""traffic"",""umbrella"","""","""",""""]",,"180","2018-04-23 17:37:05","16070"
"A1E2AB5N0CWJHJ","cs_wg_v7_real3","3T3IWE1XG6OW11B31A16ITJKB64QTP",,"Memory","2",,"2","10","1","11808","[""Keyboard"",""Basket"",""Ladder"",""Helicopter"","""","""","""","""","""","""","""","""","""",""""]",,"180","2018-04-23 17:37:08","16071"
"A1V6MSOA8YFN32","cs_wg_v7_real3","3R2PKQ87NW9F78X0F5VLNDX6QORIMD",,"Alphabet position of third letter.","0","[3,14,3,12,14,1,14,14,11,0,17,2,24,18]","0","5","1","71378","gun","gun,ache,jam,book","180","2018-04-23 17:37:12","16072"
"A5OJKP735Y75J","cs_wg_v7_real3","3WEV0KO0OMT1XSUJ7OQW8PGZQ81DSI",,"Alphabet position of third-to-last letter.","1","[9,1,4,9,5,12,1,23,20,6,21,9,1,11]","1","5","1","42068","bookshelf",,"20","2018-04-23 17:37:20","16073"
"A86GVZDTI15V0","cs_wg_v7_real3","3QUO65DNQUP8G2DCM2ZCYKAMFJTOU6",,"Memory","2",,"2","10","1","8135","[""Umbrella"",""Football"",""Basket"",""Keyboard"",""Wedding"",""Structure"","""","""","""","""","""","""","""",""""]",,"180","2018-04-23 17:37:22","16074"
"A1HRP7CF28PVY","cs_wg_v7_real3","3CTOC39K37RSHGAJTHEWGWFG8EM7J4",,"Alphabet position of third-to-last letter.","1","[9,1,4,9,5,12,1,23,20,6,21,9,1,11]","1","5","1","30347","helicopter",,"20","2018-04-23 17:37:23","16075"
"AO3NZXSI6KQSZ","cs_wg_v7_real3","3E1QT0TDFPA0MJVWL4L2IVWB6J2I8P",,"Alphabet position of third-to-last letter.","1","[9,1,4,9,5,12,1,23,20,6,21,9,1,11]","1","5","1","28929","STRUCTURE",,"20","2018-04-23 17:37:23","16076"
"A1U5BE8XJRXKW3","cs_wg_v7_real3","34Q075JO1XE74OUVITNHXH976JF10T",,"Memory","2",,"2","10","1","13625","[""basket"",""football"","""","""","""","""","""","""","""","""","""","""","""",""""]",,"180","2018-04-23 17:37:26","16077"
"A2MFG2IU76YEH0","cs_wg_v7_real3","3HFNH7HEMHFSWWPXHA2ZJA4VLCWQGG",,"Memory","2",,"2","10","1","20703","[""stucture"",""bookshelf"",""community"",""football"",""basket"",""keyboard"",""wedding"",""machine"",""stomach"",""ladder"",""traffic"",""doorway"",""umbrella"",""helicopter""]",,"180","2018-04-23 17:37:28","16078"
"A39YBI3TW5L004","cs_wg_v7_real3","3N1FSUEFL51IV7S8HNUEAM0TCSYD4B",,"Memory","2",,"2","10","1","28648","[""umbrella"",""bookshelf"",""wedding"",""helicopter"",""basket"",""machine"",""doorway"","""","""","""","""","""","""",""""]",,"180","2018-04-23 17:37:28","16079"
"A2S6D47RWJTUOB","cs_wg_v7_real3","36V4Q8R5ZK1SO6LJSD0UWFOSHY8QMO",,"Memory","2",,"2","10","1","9978","[""KEYBOARD"",""BASKET"",""DOORWAY"",""FOOTBALL"",""WEDDING"","""","""","""","""","""","""","""","""",""""]",,"180","2018-04-23 17:37:58","16080"
"ASUYD8BPYM85M","cs_wg_v7_real3","3CFJTT4SXTRWM5QDBZTW4V0GVZWI72",,"Alphabet position of third letter.","0","[3,14,3,12,14,1,14,14,11,0,17,2,24,18]","0","5","1","39902","KEYBOARD","O
R
O
D
D
Y
M
B
L
O
A
O
S
C","180","2018-04-23 17:37:59","16081"
"A218S9QMWS15U","cs_wg_v7_real3","3P59JYT76LLF9I9IZZB5MBLHV0QT2E",,"Alphabet position of third-to-last letter.","1","[9,1,4,9,5,12,1,23,20,6,21,9,1,11]","1","5","1","23778",,,"20","2018-04-23 17:38:02","16082"
"A2XF84K0868FZO","cs_wg_v7_real3","3JZQSN0I3QBV57ZO3UR57B0HEANGFC",,"Alphabet position of third letter.","0","[3,14,3,12,14,1,14,14,11,0,17,2,24,18]","0","5","1","47317","keyboard","keyboard
structure
basket","180","2018-04-23 17:38:04","16083"
"A37DTVGS7RX6AG","cs_wg_v7_real3","3S3AMIZX3U6LQB5NA20WTKCH45FDCO",,"Memory","2",,"2","10","1","17158","[""basket"",""bookshelf"",""wedding"",""stomach"",""community"",""keyboard"",""ladder"",""doorway"",""helicopter"",""football"",""traffic"","""","""",""""]",,"180","2018-04-23 17:38:08","16084"
"A1AREBIHWPXTU3","cs_wg_v7_real3","3X73LLYYQ1FLTV7GLOS00GLRV1MNHP",,"Memory","2",,"2","8","0","4916","[""basket"",""watering"",""Wedding"",""greating"","""","""","""","""","""","""","""","""","""",""""]",,"180","2018-04-23 17:38:10","16085"
"A1WVRI8059VNDP","cs_wg_v7_real3","34Z02EIMISE8D864KC7R3NS2Y26T0U",,"Alphabet position of third-to-last letter.","1","[9,1,4,9,5,12,1,23,20,6,21,9,1,11]","1","5","1","16784",,,"20","2018-04-23 17:38:18","16086"
"A12EQIULBHM4HJ","cs_wg_v7_real3","3L70J4KAZGNXXW8PQO45NPMT42UADJ",,"Memory","2",,"2","10","1","14952","[""Basket"",""Football"",""keyboard"",""machine"","""","""","""","""","""","""","""","""","""",""""]",,"180","2018-04-23 17:38:39","16087"
"A2BF3A9KYSEFPO","cs_wg_v7_real3","3Z7EFSHGN9FZOHA41218NRF9KNRCXP",,"Memory","2",,"2","10","1","24170","[""basket"",""machine"","""","""","""","""","""","""","""","""","""","""","""",""""]",,"180","2018-04-23 17:38:40","16088"
"A3O7XZXXSLZBI9","cs_wg_v7_real3","3QAVNHZ3EM5GV8WH352T62UYDBWALZ",,"Memory","2",,"2","10","1","15192","[""basket"",""door"",""community"",""structure"",""wedding"",""keyboard"",""picnic"","""","""","""","""","""","""",""""]",,"180","2018-04-23 17:38:47","16089"
"A1VC6F0FYG1L5I","cs_wg_v7_real3","3P4MQ7TPPXD919FXI6DVNAIZJZ3BB8",,"Memory","2",,"2","10","1","9486","[""COMMUNITY"",""LADDER"",""BASKET"",""MACHINE"",""KEYBOARD"","""","""","""","""","""","""","""","""",""""]",,"180","2018-04-23 17:38:52","16090"
"A1V6MSOA8YFN32","cs_wg_v7_real3","3R2PKQ87NW9F78X0F5VLNDX6QORIMD",,"Alphabet position of third-to-last letter.","1","[9,1,4,9,5,12,1,23,20,6,21,9,1,11]","1","5","1","58138","hellicopter",,"20","2018-04-23 17:39:00","16091"
"A3SC07W94YFEY3","cs_wg_v7_real3","39OWYR0EPKSVRYKOX0DBEB7LJ6DFY9",,"Alphabet position of third letter.","0","[3,14,3,12,14,1,14,14,11,0,17,2,24,18]","0","5","1","50777","Keyboard ","Keyboard, Community, Bookshelf, Structure, Ladder, Bookshelf, Traffic, Community ","180","2018-04-23 17:39:07","16092"
"A1ZTSCPETU3UJW","cs_wg_v7_real3","3B2X28YI3WG3VXY2MFWNCUW75YSB6N",,"Memory","2",,"2","10","1","16845","[""structure"",""keyboard"",""football"",""machine"",""helicopter"",""traffic"",""ladder"",""umbrella"",""bookshelf"",""doorway"",""wedding"",""basket"",""community"",""stomach""]",,"180","2018-04-23 17:39:15","16093"
"ASUYD8BPYM85M","cs_wg_v7_real3","3CFJTT4SXTRWM5QDBZTW4V0GVZWI72",,"Alphabet position of third-to-last letter.","1","[9,1,4,9,5,12,1,23,20,6,21,9,1,11]","1","5","1","47385","DOORWAY",,"20","2018-04-23 17:39:19","16094"
"A1K0NG4K8VG7E","cs_wg_v7_real3","3YHH42UU5BGKUVYZB350HWIL4PKL0J",,"Alphabet position of third-to-last letter.","1","[9,1,4,9,5,12,1,23,20,6,21,9,1,11]","1","3","0","144373","G","wedding,basket,Traffic,great","20","2018-04-23 17:39:30","16095"
"A2N2GFB33ZMYGF","cs_wg_v7_real3","37FMASSAYCSJOHT3OG5C9XMCEPNIBO",,"Memory","2",,"2","10","1","22580","[""Helicopter"",""Basket"",""Traffic"",""Football"",""Wedding"",""Machine"",""Structure"",""Doorway"",""Umbrella"","""","""","""","""",""""]",,"180","2018-04-23 17:39:37","16096"
"A30YUB0WTMKX73","cs_wg_v7_real3","34Z02EIMISE8D864KC7R3NS2Y260T1",,"Memory","2",,"2","10","1","10988","[""community"",""structure"",""umbrella"",""bookshelf"",""ladder"",""football"",""keyboard"",""wedding"","""","""","""","""","""",""""]",,"180","2018-04-23 17:39:51","16097"
"A3FJCLBK3HF4PD","cs_wg_v7_real3","3ZAZR5XV01JOTCAJ2KPTKCVKSNPCZM",,"Memory","2",,"2","10","1","10318","[""Doorway"",""Football"",""Keyboard"",""Machinery"",""Umbrella"",""Helicopter"","""","""","""","""","""","""","""",""""]",,"180","2018-04-23 17:39:57","16098"
"A2AMD4XVHLKZWY","cs_wg_v7_real3","3IXQG4FA2TZQDG00KMZZW4N9VZ0B9Y",,"Memory","2",,"2","10","1","19921","[""machine "",""wedding"",""football"",""ladder"",""umbrella"",""machine"",""keyboard"",""traffic"",""basket"",""bookshelf"","""","""","""",""""]",,"180","2018-04-23 17:39:57","16099"
"A38SOH8WNMFIV5","cs_wg_v7_real3","369J354OFDBZME6D21O1D5N4LBKG69",,"Alphabet position of third letter.","0","[3,14,3,12,14,1,14,14,11,0,17,2,24,18]","0","5","1","26566","keyboard",,"180","2018-04-23 17:40:01","16100"
"ANT979UZZF7N0","cs_wg_v7_real3","37Z929RLG998EHQGTEQBDTYLTUPSTG",,"Memory","2",,"2","10","1","15731","[""accident"",""community"",""helicopter"",""accident"",""bucket"","""","""","""","""","""","""","""","""",""""]",,"180","2018-04-23 17:40:07","16101"
"A3SC07W94YFEY3","cs_wg_v7_real3","39OWYR0EPKSVRYKOX0DBEB7LJ6DFY9",,"Alphabet position of third-to-last letter.","1","[9,1,4,9,5,12,1,23,20,6,21,9,1,11]","1","3","0","22514","sTRUCT","S","20","2018-04-23 17:40:07","16102"
"A2XF84K0868FZO","cs_wg_v7_real3","3JZQSN0I3QBV57ZO3UR57B0HEANGFC",,"Alphabet position of third-to-last letter.","1","[9,1,4,9,5,12,1,23,20,6,21,9,1,11]","1","5","1","82893",,"traffic
helicopter
bookshelf
","20","2018-04-23 17:40:09","16103"
"A2TN5NSHC2BZ12","cs_wg_v7_real3","3P4RDNWND57P60RFC8IT7L5PMUWIJ9",,"Memory","2",,"2","10","1","27082","[""keyboard"",""doorway"",""wedding"",""community"",""football"",""traffic"",""bookshelf"",""stomach"",""umbrella"",""helicopter"","""","""","""",""""]",,"180","2018-04-23 17:40:14","16104"
"A2H85UOGW31OWJ","cs_wg_v7_real3","3QY5DC2MXRLEAP0JNZGMBQ18NI2FUB",,"Alphabet position of third letter.","0","[3,14,3,12,14,1,14,14,11,0,17,2,24,18]","0","5","1","20136","KEYBOARD",,"180","2018-04-23 17:40:19","16105"
"A1HRP7CF28PVY","cs_wg_v7_real3","3CTOC39K37RSHGAJTHEWGWFG8EM7J4",,"Memory","2",,"2","10","1","16186","[""helicopter"",""keyboard"",""ladder"",""community"",""football"",""basket"",""structure"",""doorway"",""machine"","""","""","""","""",""""]",,"180","2018-04-23 17:40:42","16106"
"A5OJKP735Y75J","cs_wg_v7_real3","3WEV0KO0OMT1XSUJ7OQW8PGZQ81DSI",,"Memory","2",,"2","10","1","29030","[""wedding"",""bookshelf"",""stomach"",""machine"",""structure"",""community"",""basket"",""keyboard"",""traffic"",""doorway"","""","""","""",""""]",,"180","2018-04-23 17:40:53","16107"
"AO3NZXSI6KQSZ","cs_wg_v7_real3","3E1QT0TDFPA0MJVWL4L2IVWB6J2I8P",,"Memory","2",,"2","10","1","26959","[""STRUCTURE"",""KEYBOARD"",""FOOTBALL"",""HELICOPTER"",""UMBRELLA"",""STOMACH"",""LADDER"",""BASKET"",""DOORWAY"",""WEDDING"",""STRUCTURE"",""MACHINE"",""TRAFFIC"",""""]",,"180","2018-04-23 17:40:53","16108"
"A29KUIEVPK8WB4","cs_wg_v7_real3","3E13VNJ1NNWIBJBBMJCN3L93SDX1IP",,"Alphabet position of third letter.","0","[3,14,3,12,14,1,14,14,11,0,17,2,24,18]","0","5","1","59045","keyboard","keyboard","180","2018-04-23 17:40:59","16109"
"A1OA2N3H5RGYHT","cs_wg_v7_real3","3E337GFOL997TZC51IAIFG9QG19NGQ",,"Alphabet position of third letter.","0","[3,14,3,12,14,1,14,14,11,0,17,2,24,18]","0","3","0","2615","football","
","180","2018-04-23 17:41:02","16110"
"A38SOH8WNMFIV5","cs_wg_v7_real3","369J354OFDBZME6D21O1D5N4LBKG69",,"Alphabet position of third-to-last letter.","1","[9,1,4,9,5,12,1,23,20,6,21,9,1,11]","1","5","1","31404",,,"20","2018-04-23 17:41:08","16111"
"A2H85UOGW31OWJ","cs_wg_v7_real3","3QY5DC2MXRLEAP0JNZGMBQ18NI2FUB",,"Alphabet position of third-to-last letter.","1","[9,1,4,9,5,12,1,23,20,6,21,9,1,11]","1","5","1","19977",,,"20","2018-04-23 17:41:13","16112"
"A2BHPYKUHMASE0","cs_wg_v7_real3","3HOSI13XHZPVV3B1AYV7DQUZP5RDDO",,"Alphabet position of third letter.","0","[3,14,3,12,14,1,14,14,11,0,17,2,24,18]","0","5","1","31763","umbrella","I love the rain so I'm going to choose umbrella.","180","2018-04-23 17:41:24","16113"
"A1WVRI8059VNDP","cs_wg_v7_real3","34Z02EIMISE8D864KC7R3NS2Y26T0U",,"Memory","2",,"2","10","1","21294","[""DOORWAY"",""STOMACH"",""FOOTBALL"",""WEDDING"",""KEYBOARD"",""STRUCTURE"",""MACHINE"",""BASKET"",""HELICOPTER"",""COMMUNITY"",""TRAFFIC"",""LADDER"",""BOOKSHELF"",""UMBRELLA""]",,"180","2018-04-23 17:41:42","16114"
"A22012GC5JSH0C","cs_wg_v7_real3","3UWN2HHPUY6AJ4LWWI4Z4UST4C3NSA",,"Alphabet position of third letter.","0","[3,14,3,12,14,1,14,14,11,0,17,2,24,18]","0","5","1","88518","Keyboard","Keyboard","180","2018-04-23 17:41:44","16115"
"A1OA2N3H5RGYHT","cs_wg_v7_real3","3E337GFOL997TZC51IAIFG9QG19NGQ",,"Alphabet position of third-to-last letter.","1","[9,1,4,9,5,12,1,23,20,6,21,9,1,11]","1","6","0","6658","car",,"20","2018-04-23 17:41:46","16116"
"A218S9QMWS15U","cs_wg_v7_real3","3P59JYT76LLF9I9IZZB5MBLHV0QT2E",,"Memory","2",,"2","10","1","46733","[""UMBRELLA"",""LADDER"",""STRUCTURE"",""DOORWAY"",""KEYBOARD"",""HELICOPTER"",""WEDDING"",""BASKET"",""FOOTBALL"",""BOOKSHELF"","""","""","""",""""]",,"180","2018-04-23 17:41:53","16117"
"A29KUIEVPK8WB4","cs_wg_v7_real3","3E13VNJ1NNWIBJBBMJCN3L93SDX1IP",,"Alphabet position of third-to-last letter.","1","[9,1,4,9,5,12,1,23,20,6,21,9,1,11]","1","3","0","14427","structure",,"20","2018-04-23 17:41:55","16118"
"A136K9Y7E4C3G","cs_wg_v7_real3","3X87C8JFV6CVM1YOCAWG8ONY9NQQS0",,"Alphabet position of third-to-last letter.","1","[9,1,4,9,5,12,1,23,20,6,21,9,1,11]","1","5","1","220925","Structure",,"20","2018-04-23 17:41:55","16119"
"A1AKX1C8GCVCTP","cs_wg_v7_real3","3YOH7BII098P3QHXT0HONPVW9LSKV7",,"Alphabet position of third letter.","0","[3,14,3,12,14,1,14,14,11,0,17,2,24,18]","0","5","1","278761","KEYBOARD",,"180","2018-04-23 17:42:02","16120"
"A5B73N9C2HVEG","cs_wg_v7_real3","3R9WASFE2ZHVWOUTTMFUSIGNP0HFZ0",,"Alphabet position of third letter.","0","[3,14,3,12,14,1,14,14,11,0,17,2,24,18]","0","5","1","33743","keyboard
",,"180","2018-04-23 17:42:20","16121"
"A1V6MSOA8YFN32","cs_wg_v7_real3","3R2PKQ87NW9F78X0F5VLNDX6QORIMD",,"Memory","2",,"2","10","1","18628","[""wedding"",""basket"",""helicopter"",""football"",""machine"",""bookshelf"",""keyboard"","""","""","""","""","""","""",""""]",,"180","2018-04-23 17:42:22","16122"
"A23H5PTASRYHHB","cs_wg_v7_real3","39O5D9O87TTN8J3QHDUKGBQ5DSQ3CG",,"Alphabet position of third letter.","0","[3,14,3,12,14,1,14,14,11,0,17,2,24,18]","0","5","1","42497","Keyboard","Keyboard is Y the 25th letter and the latest letter in the lust so i chose it. ","180","2018-04-23 17:42:33","16123"
"AKOY7VU0F4CAZ","cs_wg_v7_real3","34J10VATJFZ6SNVS7Y224MHB0POIQ0",,"Alphabet position of third letter.","0","[3,14,3,12,14,1,14,14,11,0,17,2,24,18]","0","5","1","34695","Keyboard",,"180","2018-04-23 17:42:34","16124"
"ASUYD8BPYM85M","cs_wg_v7_real3","3CFJTT4SXTRWM5QDBZTW4V0GVZWI72",,"Memory","2",,"2","10","1","14449","[""DOORWAY"",""FOOTBALL"",""BASKET"","""","""","""","""","""","""","""","""","""","""",""""]",,"180","2018-04-23 17:42:36","16125"
"A1K0NG4K8VG7E","cs_wg_v7_real3","3YHH42UU5BGKUVYZB350HWIL4PKL0J",,"Memory","2",,"2","7","0","4295","[""good"",""nice"",""great"",""wedding"","""","""","""","""","""","""","""","""","""",""""]",,"180","2018-04-23 17:42:37","16126"
"A22012GC5JSH0C","cs_wg_v7_real3","3UWN2HHPUY6AJ4LWWI4Z4UST4C3NSA",,"Alphabet position of third-to-last letter.","1","[9,1,4,9,5,12,1,23,20,6,21,9,1,11]","1","5","1","16016","bookshelf",,"20","2018-04-23 17:42:41","16127"
"A3843S9LWPDN2K","cs_wg_v7_real3","3KAKFY4PGU3ELMPQ9NQ6REO0QXA3II",,"Alphabet position of third letter.","0","[3,14,3,12,14,1,14,14,11,0,17,2,24,18]","0","5","1","94093","KEYBOARD",,"180","2018-04-23 17:43:06","16128"
"A2BHPYKUHMASE0","cs_wg_v7_real3","3HOSI13XHZPVV3B1AYV7DQUZP5RDDO",,"Alphabet position of third-to-last letter.","1","[9,1,4,9,5,12,1,23,20,6,21,9,1,11]","1","5","1","69014",,,"20","2018-04-23 17:43:16","16129"
"A23H5PTASRYHHB","cs_wg_v7_real3","39O5D9O87TTN8J3QHDUKGBQ5DSQ3CG",,"Alphabet position of third-to-last letter.","1","[9,1,4,9,5,12,1,23,20,6,21,9,1,11]","1","3","0","7734","dor","doorway
machine","20","2018-04-23 17:43:18","16130"
"A1SX9DT3XHX845","cs_wg_v7_real3","3HMIGG0U4L7MCJA1PM754JQZW208YL",,"Alphabet position of third letter.","0","[3,14,3,12,14,1,14,14,11,0,17,2,24,18]","0","5","1","34111","KEYBOARD",,"180","2018-04-23 17:43:23","16131"
"A5B73N9C2HVEG","cs_wg_v7_real3","3R9WASFE2ZHVWOUTTMFUSIGNP0HFZ0",,"Alphabet position of third-to-last letter.","1","[9,1,4,9,5,12,1,23,20,6,21,9,1,11]","1","3","0","33545",,,"20","2018-04-23 17:43:32","16132"
"A3SC07W94YFEY3","cs_wg_v7_real3","39OWYR0EPKSVRYKOX0DBEB7LJ6DFY9",,"Memory","2",,"2","10","1","28021","[""Structure"",""Keyboard"",""Community"","""","""","""","""","""","""","""","""","""","""",""""]",,"180","2018-04-23 17:43:38","16133"
"A2XF84K0868FZO","cs_wg_v7_real3","3JZQSN0I3QBV57ZO3UR57B0HEANGFC",,"Memory","2",,"2","10","1","26591","[""basket"",""stomach"",""keyboard"",""umbrella"",""bookshelf"",""helicopter"",""community"",""structure"",""football"",""traffic"","""","""","""",""""]",,"180","2018-04-23 17:43:39","16134"
"AKOY7VU0F4CAZ","cs_wg_v7_real3","34J10VATJFZ6SNVS7Y224MHB0POIQ0",,"Alphabet position of third-to-last letter.","1","[9,1,4,9,5,12,1,23,20,6,21,9,1,11]","1","5","1","28969",,,"20","2018-04-23 17:43:43","16135"
"A29WHPBW1R07CT","cs_wg_v7_real3","3R8YZBNQ9HJ933EWO7Y5DXR2M9DQ7D",,"Alphabet position of third letter.","0","[3,14,3,12,14,1,14,14,11,0,17,2,24,18]","0","5","1","40891","Kayboard",,"180","2018-04-23 17:44:15","16136"
"A1OJOK184DLVON","cs_wg_v7_real3","3O7L7BFSHEQHVK5NY772A5SXHM0IEO",,"Alphabet position of third letter.","0","[3,14,3,12,14,1,14,14,11,0,17,2,24,18]","0","5","1","64560","KEYBOARD","STR
BAS
MAC
UMB
TRA
FOO
HEL
WED
COM
LAD
STO
DOR
KEY
BOO","180","2018-04-23 17:44:20","16137"
"A3843S9LWPDN2K","cs_wg_v7_real3","3KAKFY4PGU3ELMPQ9NQ6REO0QXA3II",,"Alphabet position of third-to-last letter.","1","[9,1,4,9,5,12,1,23,20,6,21,9,1,11]","1","5","1","37696","UMBRELLA",,"20","2018-04-23 17:44:22","16138"
"A38SOH8WNMFIV5","cs_wg_v7_real3","369J354OFDBZME6D21O1D5N4LBKG69",,"Memory","2",,"2","10","1","12247","[""Bookshelf"",""Stomach"",""Traffic"",""Football"","""","""","""","""","""","""","""","""","""",""""]",,"180","2018-04-23 17:44:23","16139"
"A2H85UOGW31OWJ","cs_wg_v7_real3","3QY5DC2MXRLEAP0JNZGMBQ18NI2FUB",,"Memory","2",,"2","10","1","9766","[""UMBRELLA"",""COMMUNITY"",""TRAFFIC"",""KEYBOARD"",""FOOTBALL"",""STOMACH"","""","""","""","""","""","""","""",""""]",,"180","2018-04-23 17:44:26","16140"
"A1AKX1C8GCVCTP","cs_wg_v7_real3","3YOH7BII098P3QHXT0HONPVW9LSKV7",,"Alphabet position of third-to-last letter.","1","[9,1,4,9,5,12,1,23,20,6,21,9,1,11]","1","5","1","93748",,,"20","2018-04-23 17:44:35","16141"
"A1SX9DT3XHX845","cs_wg_v7_real3","3HMIGG0U4L7MCJA1PM754JQZW208YL",,"Alphabet position of third-to-last letter.","1","[9,1,4,9,5,12,1,23,20,6,21,9,1,11]","1","5","1","27649","DOORWAY",,"20","2018-04-23 17:44:35","16142"
"A1OA2N3H5RGYHT","cs_wg_v7_real3","3E337GFOL997TZC51IAIFG9QG19NGQ",,"Memory","2",,"2","10","1","8516","[""car"",""bike "",""cycle"",""road"",""hospital"",""baby"",""women"",""man"",""college"",""loan "",""education"",""degree"",""life"",""job""]",,"180","2018-04-23 17:44:58","16143"
"A29KUIEVPK8WB4","cs_wg_v7_real3","3E13VNJ1NNWIBJBBMJCN3L93SDX1IP",,"Memory","2",,"2","10","1","11724","[""wedding"",""keyboard"",""traffic"",""bookshelf"",""umbrella"",""structure"",""helicopter"",""football"",""doorway"",""stomach"",""machine"",""basket"",""ladder"",""community""]",,"180","2018-04-23 17:45:10","16144"
"A136K9Y7E4C3G","cs_wg_v7_real3","3X87C8JFV6CVM1YOCAWG8ONY9NQQS0",,"Memory","2",,"2","10","1","16322","[""STRUCTURE"",""BASKET"",""DOORWAY"",""HELICOPTER"",""FOOTBALL"",""WEDDING"","""","""","""","""","""","""","""",""""]",,"180","2018-04-23 17:45:15","16145"
"A2UTDZAZV1DF0N","cs_wg_v7_real3","33CID57104UGBNXWUQNJJUGS7143LW",,"Alphabet position of third letter.","0","[3,14,3,12,14,1,14,14,11,0,17,2,24,18]","0","5","1","18500","KEYBOARD",,"180","2018-04-23 17:45:15","16146"
"A29WHPBW1R07CT","cs_wg_v7_real3","3R8YZBNQ9HJ933EWO7Y5DXR2M9DQ7D",,"Alphabet position of third-to-last letter.","1","[9,1,4,9,5,12,1,23,20,6,21,9,1,11]","1","5","1","19408","Structure",,"20","2018-04-23 17:45:16","16147"
"A2OFWHV8IP7HK","cs_wg_v7_real3","33LKR6A5KEL8KXRMGVBRHSBC3UCT1X",,"Alphabet position of third letter.","0","[3,14,3,12,14,1,14,14,11,0,17,2,24,18]","0","5","1","67305","KEYBOARD",,"180","2018-04-23 17:45:21","16148"
"A1OJOK184DLVON","cs_wg_v7_real3","3O7L7BFSHEQHVK5NY772A5SXHM0IEO",,"Alphabet position of third-to-last letter.","1","[9,1,4,9,5,12,1,23,20,6,21,9,1,11]","1","5","1","49237",,"FOOTBALL 
COMMUNITY
","20","2018-04-23 17:45:54","16149"
"A22012GC5JSH0C","cs_wg_v7_real3","3UWN2HHPUY6AJ4LWWI4Z4UST4C3NSA",,"Memory","2",,"2","10","1","11244","[""memory"",""bookshelf"",""football"",""wedding"",""machine"",""keyboard"",""doorway"",""stomach"",""basket"",""helicopter"",""umbrella"",""community"","""",""""]",,"180","2018-04-23 17:45:56","16150"
"A2UTDZAZV1DF0N","cs_wg_v7_real3","33CID57104UGBNXWUQNJJUGS7143LW",,"Alphabet position of third-to-last letter.","1","[9,1,4,9,5,12,1,23,20,6,21,9,1,11]","1","5","1","14977","DOORWAY","LADDER","20","2018-04-23 17:46:06","16151"
"A2BHPYKUHMASE0","cs_wg_v7_real3","3HOSI13XHZPVV3B1AYV7DQUZP5RDDO",,"Memory","2",,"2","10","1","13250","[""umbrella"",""helicopter"",""doorway"",""basket"",""football"",""structure"","""","""","""","""","""","""","""",""""]",,"180","2018-04-23 17:46:32","16152"
"A23H5PTASRYHHB","cs_wg_v7_real3","39O5D9O87TTN8J3QHDUKGBQ5DSQ3CG",,"Memory","2",,"2","10","1","15054","[""Community"",""Keyboard"",""Machine"",""Basket"",""Doorway"",""Helicopter"",""Umbrella"",""Football"","""","""","""","""","""",""""]",,"180","2018-04-23 17:46:36","16153"
"A2OFWHV8IP7HK","cs_wg_v7_real3","33LKR6A5KEL8KXRMGVBRHSBC3UCT1X",,"Alphabet position of third-to-last letter.","1","[9,1,4,9,5,12,1,23,20,6,21,9,1,11]","1","5","1","33273","STRUCTURE",,"20","2018-04-23 17:46:36","16154"
"AKOY7VU0F4CAZ","cs_wg_v7_real3","34J10VATJFZ6SNVS7Y224MHB0POIQ0",,"Memory","2",,"2","10","1","12464","[""Doorway"",""Keyboard"",""Wedding"",""Helicopter"",""Traffic"",""Community"",""Stomach"",""Umbrella"",""Ladder"",""Football"","""","""","""",""""]",,"180","2018-04-23 17:46:59","16155"
"A5B73N9C2HVEG","cs_wg_v7_real3","3R9WASFE2ZHVWOUTTMFUSIGNP0HFZ0",,"Memory","2",,"2","10","1","26012","[""structure"",""keyboard"",""community"",""bookshelf"",""stomach"",""doorway"",""ladder"",""machine"",""wedding"",""umbrella"",""basket"",""traffic"",""football"",""helicopter""]",,"180","2018-04-23 17:47:02","16156"
"AJG4Y1OT9N50T","cs_wg_v7_real3","3OHYZ19UGC6O1TZEGXILYJYS8G1AOG",,"Alphabet position of third letter.","0","[3,14,3,12,14,1,14,14,11,0,17,2,24,18]","0","5","1","40232","KEYBOARD",,"180","2018-04-23 17:47:44","16157"
"A1SX9DT3XHX845","cs_wg_v7_real3","3HMIGG0U4L7MCJA1PM754JQZW208YL",,"Memory","2",,"2","10","1","16434","[""COMMUNITY"",""TRAFFIC"",""STOMACH"",""DOORWAY"",""WEDDING"",""MACHINE"",""LADDER"",""BOOKSHELF"",""UMBRELLA"",""KEYBOARD"",""STRUCTURE"",""FOOTBALL"","""",""""]",,"180","2018-04-23 17:47:55","16158"
"A3843S9LWPDN2K","cs_wg_v7_real3","3KAKFY4PGU3ELMPQ9NQ6REO0QXA3II",,"Memory","2",,"2","10","1","31590","[""UMBRELLA"",""KEYBOARD"",""COMMUNITY"",""MACHINE"",""FOOTBALL"",""STOMACH"",""LADDER"",""STRUCTURE"",""WEDDING"",""HELICOPTER"",""DOORWAY"",""BOOKSHELF"","""",""""]",,"180","2018-04-23 17:47:57","16159"
"AP1G770YBECF8","cs_wg_v7_real3","3FE7TXL1LIO2H2HQIVHAH6AUBTRQ2X",,"Alphabet position of third letter.","0","[3,14,3,12,14,1,14,14,11,0,17,2,24,18]","0","5","1","26926","Keyboard",,"180","2018-04-23 17:48:21","16160"
"A29WHPBW1R07CT","cs_wg_v7_real3","3R8YZBNQ9HJ933EWO7Y5DXR2M9DQ7D",,"Memory","2",,"2","10","1","12468","[""Ladder"",""Kayboard"",""stomach"",""structure"",""machine"",""community"","""","""","""","""","""","""","""",""""]",,"180","2018-04-23 17:48:32","16161"
"AFNERWJK1G1GH
AFNERWJK1G1GH
AFNERWJK1G1GH
AFNERWJK1G1GH
AFNERWJK1G1GH","cs_wg_v7_real3","3G0WWMR1UVLY6O6J4EFU9UDSMOINQL",,"Alphabet position of third letter.","0","[3,14,3,12,14,1,14,14,11,0,17,2,24,18]","0","5","1","34986","KEYBOARD","BASKET
KEYBOARD
STRUCTURE","180","2018-04-23 17:48:45","16162"
"A1OJOK184DLVON","cs_wg_v7_real3","3O7L7BFSHEQHVK5NY772A5SXHM0IEO",,"Memory","2",,"2","10","1","31687","[""FOOTBALL"",""LADDER "",""UMBRELLA"",""COMMUNITY"",""TRAFFIC"",""KEYBOARD"",""WEDDING"",""SHELF"",""WEAVE"","""","""","""","""",""""]",,"180","2018-04-23 17:49:29","16163"
"AP1G770YBECF8","cs_wg_v7_real3","3FE7TXL1LIO2H2HQIVHAH6AUBTRQ2X",,"Alphabet position of third-to-last letter.","1","[9,1,4,9,5,12,1,23,20,6,21,9,1,11]","1","5","1","27885","Structure",,"20","2018-04-23 17:49:32","16164"
"A2QQFGD7K7AHK8","cs_wg_v7_real3","34X6J5FLPTZ2NYFYPGN2GNWBD4DQJK",,"Alphabet position of third letter.","0","[3,14,3,12,14,1,14,14,11,0,17,2,24,18]","0","5","1","51322","Keyboard",,"180","2018-04-23 17:49:38","16165"
"A2UTDZAZV1DF0N","cs_wg_v7_real3","33CID57104UGBNXWUQNJJUGS7143LW",,"Memory","2",,"2","10","1","28206","[""DOORWAY"",""LADDER"",""BOOKSHELF"",""UMBRELLA"",""STOMACH"",""KEYBOARD"","""","""","""","""","""","""","""",""""]",,"180","2018-04-23 17:49:38","16166"
"AJG4Y1OT9N50T","cs_wg_v7_real3","3OHYZ19UGC6O1TZEGXILYJYS8G1AOG",,"Alphabet position of third-to-last letter.","1","[9,1,4,9,5,12,1,23,20,6,21,9,1,11]","1","5","1","81091",,,"20","2018-04-23 17:49:43","16167"
"A2OFWHV8IP7HK","cs_wg_v7_real3","33LKR6A5KEL8KXRMGVBRHSBC3UCT1X",,"Memory","2",,"2","10","1","26485","[""STRUCTURE"",""BASKET"",""KEYBOARD"",""LADDER"",""FOOTBALL"",""STOMACH"",""TRAFFIC"",""DOORWAY"",""BOOKSHELF"","""","""","""","""",""""]",,"180","2018-04-23 17:50:06","16168"
"AFNERWJK1G1GH
AFNERWJK1G1GH
AFNERWJK1G1GH
AFNERWJK1G1GH
AFNERWJK1G1GH","cs_wg_v7_real3","3G0WWMR1UVLY6O6J4EFU9UDSMOINQL",,"Alphabet position of third-to-last letter.","1","[9,1,4,9,5,12,1,23,20,6,21,9,1,11]","1","5","1","23320",,,"20","2018-04-23 17:50:08","16169"
"A1AKX1C8GCVCTP","cs_wg_v7_real3","3YOH7BII098P3QHXT0HONPVW9LSKV7",,"Memory","2",,"2","10","1","170133","[""keyboard"","""","""","""","""","""","""","""","""","""","""","""","""",""""]",,"180","2018-04-23 17:50:30","16170"
"A2QQFGD7K7AHK8","cs_wg_v7_real3","34X6J5FLPTZ2NYFYPGN2GNWBD4DQJK",,"Alphabet position of third-to-last letter.","1","[9,1,4,9,5,12,1,23,20,6,21,9,1,11]","1","5","1","19121",,"Structure","20","2018-04-23 17:50:40","16171"
"AP1G770YBECF8","cs_wg_v7_real3","3FE7TXL1LIO2H2HQIVHAH6AUBTRQ2X",,"Memory","2",,"2","10","1","13420","[""Keyboard"",""Structure"",""Umbrella"",""Basket"",""Bookshelf"",""Helicopter"",""Traffic"",""Doorway"",""Football"","""","""","""","""",""""]",,"180","2018-04-23 17:52:48","16172"
"AJG4Y1OT9N50T","cs_wg_v7_real3","3OHYZ19UGC6O1TZEGXILYJYS8G1AOG",,"Memory","2",,"2","10","1","31650","[""BOOKSHELF"",""COMMUNITY"",""LADDER"",""HELICOPTER"",""WEDDING"","""","""","""","""","""","""","""","""",""""]",,"180","2018-04-23 17:53:18","16173"
"AFNERWJK1G1GH
AFNERWJK1G1GH
AFNERWJK1G1GH
AFNERWJK1G1GH
AFNERWJK1G1GH","cs_wg_v7_real3","3G0WWMR1UVLY6O6J4EFU9UDSMOINQL",,"Memory","2",,"2","9","0","13513","[""UMBRELLA"",""SUPPORT"","""","""","""","""","""","""","""","""","""","""","""",""""]",,"180","2018-04-23 17:53:25","16174"
"A2QQFGD7K7AHK8","cs_wg_v7_real3","34X6J5FLPTZ2NYFYPGN2GNWBD4DQJK",,"Memory","2",,"2","10","1","24752","[""Football"",""Wedding"",""Ladder"",""Machine"",""Stomach"",""Structure"",""Helicopter"",""Doorway"",""Bookshelf"",""Keyboard"",""Community"",""Basket"",""Umbrella"",""Traffic""]",,"180","2018-04-23 17:54:08","16175"
"A385F5ZBEV6GWD","cs_wg_v7_real3","3634BBTX0OV91Y5JTIR8SNDXTNFIF6",,"Alphabet position of third letter.","0","[3,14,3,12,14,1,14,14,11,0,17,2,24,18]","0","5","1","36054","keyboard",,"180","2018-04-23 17:54:41","16176"
"ASR7SS6W1CILO","cs_wg_v7_real3","34FNN24DCMA3P1RZRO02SZG8UCYY58",,"Alphabet position of third letter.","0","[3,14,3,12,14,1,14,14,11,0,17,2,24,18]","0","5","1","47359","KEYBOARD",,"180","2018-04-23 17:54:47","16177"
"A1HIQZEC2ER7GS","cs_wg_v7_real3","32SVAV9L3FAZF46SXZYTAG0HDP53AE",,"Alphabet position of third letter.","0","[3,14,3,12,14,1,14,14,11,0,17,2,24,18]","0","5","1","25906","KEYBOARD",,"180","2018-04-23 17:55:27","16178"
"ASR7SS6W1CILO","cs_wg_v7_real3","34FNN24DCMA3P1RZRO02SZG8UCYY58",,"Alphabet position of third-to-last letter.","1","[9,1,4,9,5,12,1,23,20,6,21,9,1,11]","1","5","1","21311","BASKET",,"20","2018-04-23 17:55:44","16179"
"A385F5ZBEV6GWD","cs_wg_v7_real3","3634BBTX0OV91Y5JTIR8SNDXTNFIF6",,"Alphabet position of third-to-last letter.","1","[9,1,4,9,5,12,1,23,20,6,21,9,1,11]","1","5","1","44961","community",,"20","2018-04-23 17:56:02","16180"
"A1HIQZEC2ER7GS","cs_wg_v7_real3","32SVAV9L3FAZF46SXZYTAG0HDP53AE",,"Alphabet position of third-to-last letter.","1","[9,1,4,9,5,12,1,23,20,6,21,9,1,11]","1","5","1","23938",,"UMBRELLA, STOMACH, STRUCTURE, FOOTBALL, WEDDING, LADDER, TRAFFIC, BOOKSHELF, BASKET, MACHINE, COMMUNITY, HELICOPTER, KEYBOARD, DOORWAY
","20","2018-04-23 17:56:26","16181"
"ASR7SS6W1CILO","cs_wg_v7_real3","34FNN24DCMA3P1RZRO02SZG8UCYY58",,"Memory","2",,"2","10","1","18688","[""BASKET"",""WEDDING"",""LADDER"",""UMBRELLA"",""STRUCTURE"",""KEYBOARD"",""MACHINE"","""","""","""","""","""","""",""""]",,"180","2018-04-23 17:59:07","16182"
"A385F5ZBEV6GWD","cs_wg_v7_real3","3634BBTX0OV91Y5JTIR8SNDXTNFIF6",,"Memory","2",,"2","10","1","18576","[""community"",""umbrella"",""bookshelf"",""ladder"",""helicopter"",""wedding"",""basket"",""building"","""","""","""","""","""",""""]",,"180","2018-04-23 17:59:23","16183"
"AJP9LVNE93M4E","cs_wg_v7_real3","31N2WW6R9RRUBVN08FKLOHB8A5I3FR",,"Alphabet position of third letter.","0","[3,14,3,12,14,1,14,14,11,0,17,2,24,18]","0","3","0","50897","MACHINE","MACHINE : PRODUCTION","180","2018-04-23 17:59:25","16184"
"A1HIQZEC2ER7GS","cs_wg_v7_real3","32SVAV9L3FAZF46SXZYTAG0HDP53AE",,"Memory","2",,"2","10","1","23141","[""UMBRELLA"",""STOMACH"",""STRUCTURE"",""football"",""wedding"",""basket"",""ladder"",""traffic"",""bookshelf"",""machine"",""community"",""helicopter"",""keyboard"",""""]",,"180","2018-04-23 17:59:53","16185"
"AJP9LVNE93M4E","cs_wg_v7_real3","31N2WW6R9RRUBVN08FKLOHB8A5I3FR",,"Alphabet position of third-to-last letter.","1","[9,1,4,9,5,12,1,23,20,6,21,9,1,11]","1","3","0","4647",,"uMBERLLA : RAINY","20","2018-04-23 18:00:03","16186"
"A1TO8F0HIM1OBQ","cs_wg_v7_real3","369J354OFDBZME6D21O1D5N4LBK6GZ",,"Alphabet position of third letter.","0","[3,14,3,12,14,1,14,14,11,0,17,2,24,18]","0","5","1","31798","keyboard",,"180","2018-04-23 18:00:41","16187"
"A13HZKB2NGZP6B","cs_wg_v7_real3","3L70J4KAZGNXXW8PQO45NPMT42UDAM",,"Alphabet position of third letter.","0","[3,14,3,12,14,1,14,14,11,0,17,2,24,18]","0","5","1","26606","KEYBOARD",,"180","2018-04-23 18:01:06","16188"
"A1ALU9NOW3R98V","cs_wg_v7_real3","3KYQYYSHYV8MZ02Q079NOK6YTJYDOL",,"Alphabet position of third letter.","0","[3,14,3,12,14,1,14,14,11,0,17,2,24,18]","0","3","0","2394",,"UMBERLLA : RAINY","180","2018-04-23 18:01:08","16189"
"A1TO8F0HIM1OBQ","cs_wg_v7_real3","369J354OFDBZME6D21O1D5N4LBK6GZ",,"Alphabet position of third-to-last letter.","1","[9,1,4,9,5,12,1,23,20,6,21,9,1,11]","1","5","1","17259","umbrella",,"20","2018-04-23 18:01:44","16190"
"A39A8K2UX0U05W","cs_wg_v7_real3","33JKGHPFYCV7L98RCL8DSLTNCNLNMY",,"Alphabet position of third letter.","0","[3,14,3,12,14,1,14,14,11,0,17,2,24,18]","0","5","1","25107","KEYBOARD",,"180","2018-04-23 18:02:03","16191"
"AQM940W1VBAG6","cs_wg_v7_real3","3OVR4I9USPKCKGWDM90YAL7SV7NQ4T",,"Alphabet position of third letter.","0","[3,14,3,12,14,1,14,14,11,0,17,2,24,18]","0","5","1","683896","KEYBOARD",,"180","2018-04-23 18:02:31","16192"
"A1RDRK3QTM7U96","cs_wg_v7_real3","3TDXMTX3CBVDI5C8SPO4YH0K0OCI63",,"Alphabet position of third letter.","0","[3,14,3,12,14,1,14,14,11,0,17,2,24,18]","0","5","1","45173","keyboard","keyboard","180","2018-04-23 18:02:37","16193"
"A1ALU9NOW3R98V","cs_wg_v7_real3","3KYQYYSHYV8MZ02Q079NOK6YTJYDOL",,"Alphabet position of third-to-last letter.","1","[9,1,4,9,5,12,1,23,20,6,21,9,1,11]","1","3","0","75554","15","BOOKSHELF ","20","2018-04-23 18:02:55","16194"
"AJP9LVNE93M4E","cs_wg_v7_real3","31N2WW6R9RRUBVN08FKLOHB8A5I3FR",,"Memory","2",,"2","10","1","5831","[""UMBERLLA"",""BOOKSHELF"",""BASKET"","""","""","""","""","""","""","""","""","""","""",""""]",,"180","2018-04-23 18:03:12","16195"
"A13HZKB2NGZP6B","cs_wg_v7_real3","3L70J4KAZGNXXW8PQO45NPMT42UDAM",,"Alphabet position of third-to-last letter.","1","[9,1,4,9,5,12,1,23,20,6,21,9,1,11]","1","5","1","38497","STORAGE",,"20","2018-04-23 18:03:14","16196"
"A1RDRK3QTM7U96","cs_wg_v7_real3","3TDXMTX3CBVDI5C8SPO4YH0K0OCI63",,"Alphabet position of third-to-last letter.","1","[9,1,4,9,5,12,1,23,20,6,21,9,1,11]","1","5","1","49419","structure",,"20","2018-04-23 18:04:02","16197"
"A39A8K2UX0U05W","cs_wg_v7_real3","33JKGHPFYCV7L98RCL8DSLTNCNLNMY",,"Alphabet position of third-to-last letter.","1","[9,1,4,9,5,12,1,23,20,6,21,9,1,11]","1","5","1","96508",,,"20","2018-04-23 18:04:17","16198"
"AQM940W1VBAG6","cs_wg_v7_real3","3OVR4I9USPKCKGWDM90YAL7SV7NQ4T",,"Alphabet position of third-to-last letter.","1","[9,1,4,9,5,12,1,23,20,6,21,9,1,11]","1","5","1","150602","doorway",,"20","2018-04-23 18:05:46","16199"
"A1R9PH4LOMKZ13","cs_wg_v7_real3","3PDJHANYK5HDMA1OM76JY5Z50BX6HY",,"Alphabet position of third letter.","0","[3,14,3,12,14,1,14,14,11,0,17,2,24,18]","0","5","1","34185","BASKET",,"180","2018-04-23 18:05:48","16200"
"A1ALU9NOW3R98V","cs_wg_v7_real3","3KYQYYSHYV8MZ02Q079NOK6YTJYDOL",,"Memory","2",,"2","7","0","7002","[""BOOKSHELF"",""BASKET"",""UMBERLLA"","""","""","""","""","""","""","""","""","""","""",""""]",,"180","2018-04-23 18:06:05","16201"
"A1TO8F0HIM1OBQ","cs_wg_v7_real3","369J354OFDBZME6D21O1D5N4LBK6GZ",,"Memory","2",,"2","10","1","78775","[""umbrella"",""basket"",""community"",""keyboard"",""helicopter"","""","""","""","""","""","""","""","""",""""]",,"180","2018-04-23 18:06:07","16202"
"A13HZKB2NGZP6B","cs_wg_v7_real3","3L70J4KAZGNXXW8PQO45NPMT42UDAM",,"Memory","2",,"2","10","1","12108","[""STORAGE"",""FOOTBALL"",""LADDER"","""","""","""","""","""","""","""","""","""","""",""""]",,"180","2018-04-23 18:06:29","16203"
"A1R9PH4LOMKZ13","cs_wg_v7_real3","3PDJHANYK5HDMA1OM76JY5Z50BX6HY",,"Alphabet position of third-to-last letter.","1","[9,1,4,9,5,12,1,23,20,6,21,9,1,11]","1","3","0","6459","sTRUCTURE",,"20","2018-04-23 18:06:39","16204"
"A1RDRK3QTM7U96","cs_wg_v7_real3","3TDXMTX3CBVDI5C8SPO4YH0K0OCI63",,"Memory","2",,"2","10","1","10311","[""basket"",""structure"",""keyboard"",""football"",""traffic"",""machine"",""umbrella"",""ladder"",""community"",""helicopter"",""stomach"",""doorway"",""bookshelf"",""wedding""]",,"180","2018-04-23 18:07:16","16205"
"A2W3I2GBGDB637","cs_wg_v7_real3","3NXNZ5RS1AY3B4XA75NJR21DC9F79E",,"Alphabet position of third letter.","0","[3,14,3,12,14,1,14,14,11,0,17,2,24,18]","0","5","1","36134","keyboard",,"180","2018-04-23 18:07:31","16206"
"A37P8UZ3SAKM7A","cs_wg_v7_real3","3COPXFW7XBDCY6K17O8PHX6ENXRKPM",,"Alphabet position of third letter.","0","[3,14,3,12,14,1,14,14,11,0,17,2,24,18]","0","5","1","37813","KEYBOARD
KEYBOARD
KEYBOARD
KEYBOARD
KEYBOARD
KEYBOARD
KEYBOARD
KEYBOARD
KEYBOARD
KEY","HELICOPTER","180","2018-04-23 18:07:54","16207"
"A2W3I2GBGDB637","cs_wg_v7_real3","3NXNZ5RS1AY3B4XA75NJR21DC9F79E",,"Alphabet position of third-to-last letter.","1","[9,1,4,9,5,12,1,23,20,6,21,9,1,11]","1","5","1","20330","basket",,"20","2018-04-23 18:08:33","16208"
"A37P8UZ3SAKM7A","cs_wg_v7_real3","3COPXFW7XBDCY6K17O8PHX6ENXRKPM",,"Alphabet position of third-to-last letter.","1","[9,1,4,9,5,12,1,23,20,6,21,9,1,11]","1","5","1","39186","HELICOPTER",,"20","2018-04-23 18:09:19","16209"
"A2LBOVE1R9TCNL","cs_wg_v7_real3","3MD9PLUKKIF7KG7ARAY70NPWRR3NZF",,"Alphabet position of third letter.","0","[3,14,3,12,14,1,14,14,11,0,17,2,24,18]","0","5","1","173883","KEYBOARD",,"180","2018-04-23 18:09:21","16210"
"AQM940W1VBAG6","cs_wg_v7_real3","3OVR4I9USPKCKGWDM90YAL7SV7NQ4T",,"Memory","2",,"2","10","1","33022","[""doorway"",""keyboard"",""basket"",""wedding"",""stomach"",""community"",""bookshelf"",""machine"",""football"",""ladder"",""traffic"",""helicopter"",""umbrella"",""structure""]",,"180","2018-04-23 18:09:22","16211"
"A1R9PH4LOMKZ13","cs_wg_v7_real3","3PDJHANYK5HDMA1OM76JY5Z50BX6HY",,"Memory","2",,"2","10","1","16677","[""Wedding"",""Bookshelf"",""Structure"",""Basket"",""Machine"",""helicopter"",""football"",""traffic"","""","""","""","""","""",""""]",,"180","2018-04-23 18:09:59","16212"
"A1T9KDKDFO114S","cs_wg_v7_real3","3K2755HG5S4STNPX14QX1QXK1I7DFZ",,"Alphabet position of third letter.","0","[3,14,3,12,14,1,14,14,11,0,17,2,24,18]","0","5","1","124215","keyboard, stomach, bookshelf, football, traffic, wedding, helicopter, community, ladder, structure,","keyboard ","180","2018-04-23 18:10:13","16213"
"A2LBOVE1R9TCNL","cs_wg_v7_real3","3MD9PLUKKIF7KG7ARAY70NPWRR3NZF",,"Alphabet position of third-to-last letter.","1","[9,1,4,9,5,12,1,23,20,6,21,9,1,11]","1","3","0","11158","BASKET",,"20","2018-04-23 18:10:13","16214"
"AZ9BU8QI4YKF3","cs_wg_v7_real3","3OLF68YTN92UVGMLHUZVBPPEGFAAFU",,"Alphabet position of third letter.","0","[3,14,3,12,14,1,14,14,11,0,17,2,24,18]","0","5","1","39933","basket","helicopter, doorway, basket, wedding, machine","180","2018-04-23 18:10:28","16215"
"A1T9KDKDFO114S","cs_wg_v7_real3","3K2755HG5S4STNPX14QX1QXK1I7DFZ",,"Alphabet position of third-to-last letter.","1","[9,1,4,9,5,12,1,23,20,6,21,9,1,11]","1",NULL,"0","11999","helicopter",,"20","2018-04-23 18:11:00","16216"
"A39A8K2UX0U05W","cs_wg_v7_real3","33JKGHPFYCV7L98RCL8DSLTNCNLNMY",,"Alphabet position of third letter.","0","[3,14,3,12,14,1,14,14,11,0,17,2,24,18]","0","5","1","3884","keyboard",,"180","2018-04-23 18:11:03","16217"
"AZ9BU8QI4YKF3","cs_wg_v7_real3","3OLF68YTN92UVGMLHUZVBPPEGFAAFU",,"Alphabet position of third-to-last letter.","1","[9,1,4,9,5,12,1,23,20,6,21,9,1,11]","1","3","0","5569",,"basket","20","2018-04-23 18:11:04","16218"
"A2W3I2GBGDB637","cs_wg_v7_real3","3NXNZ5RS1AY3B4XA75NJR21DC9F79E",,"Memory","2",,"2","10","1","19270","[""basket"",""helicopter"",""keyboard"",""machine"",""doorway"",""ladder"",""traffic"",""structure"","""","""","""","""","""",""""]",,"180","2018-04-23 18:11:55","16219"
"A39A8K2UX0U05W","cs_wg_v7_real3","33JKGHPFYCV7L98RCL8DSLTNCNLNMY",,"Alphabet position of third-to-last letter.","1","[9,1,4,9,5,12,1,23,20,6,21,9,1,11]","1","5","1","27437","DOORWAY",,"20","2018-04-23 18:12:05","16220"
"A2GU2QUQZNSG9U","cs_wg_v7_real3","3QEMNNSB2X0FEUARJLSLDYK33UOD7V",,"Alphabet position of third letter.","0","[3,14,3,12,14,1,14,14,11,0,17,2,24,18]","0","5","1","42960","KEYBOARD","TYPING ON IT IS A HINT, HAS Y AS THE LAST LETTER SO 25  POINTS","180","2018-04-23 18:12:20","16221"
"A37P8UZ3SAKM7A","cs_wg_v7_real3","3COPXFW7XBDCY6K17O8PHX6ENXRKPM",,"Memory","2",,"2","10","1","23155","[""HELICOPTER"",""KEYBOARD"",""LADDER"",""CITY"",""FOOD"",""CONDUCT"",""BELIEVE"",""NEW"",""POOR"",""GUY"",""W"","""","""",""""]",,"180","2018-04-23 18:12:45","16222"
"A2Q8N687305WLH","cs_wg_v7_real3","324G5B4FB39LFA9X794QYR0K95O705",,"Alphabet position of third letter.","0","[3,14,3,12,14,1,14,14,11,0,17,2,24,18]","0","5","1","27409","KEYBOARD","stomach, doorway, structure, bookshelf, helicopter, community, umbrella, keyboard, wedding, football, ladder, basket, traffic, machine","180","2018-04-23 18:12:58","16223"
"A2LBOVE1R9TCNL","cs_wg_v7_real3","3MD9PLUKKIF7KG7ARAY70NPWRR3NZF",,"Memory","2",,"2","10","1","17997","[""BASKET"",""KEYBOARD"",""COMMUNITY"",""MACHINE"",""FOOTBALL"",""WEDDING"","""","""","""","""","""","""","""",""""]",,"180","2018-04-23 18:13:35","16224"
"A2GU2QUQZNSG9U","cs_wg_v7_real3","3QEMNNSB2X0FEUARJLSLDYK33UOD7V",,"Alphabet position of third-to-last letter.","1","[9,1,4,9,5,12,1,23,20,6,21,9,1,11]","1","3","0","40172","UMBRELLA",,"20","2018-04-23 18:13:40","16225"
"A2Q8N687305WLH","cs_wg_v7_real3","324G5B4FB39LFA9X794QYR0K95O705",,"Alphabet position of third-to-last letter.","1","[9,1,4,9,5,12,1,23,20,6,21,9,1,11]","1","5","1","12815","DOORWAY",,"20","2018-04-23 18:13:46","16226"
"A3JVNCGC2RH31B","cs_wg_v7_real3","3GS6S824SQY3QL25GNE01JVEAPZNWP",,"Alphabet position of third letter.","0","[3,14,3,12,14,1,14,14,11,0,17,2,24,18]","0","4","0","6989",,"KEYBOARD","180","2018-04-23 18:13:51","16227"
"AZ9BU8QI4YKF3","cs_wg_v7_real3","3OLF68YTN92UVGMLHUZVBPPEGFAAFU",,"Memory","2",,"2","10","1","7296","[""basket"",""transport"",""football"",""traffic"",""children"","""","""","""","""","""","""","""","""",""""]",,"180","2018-04-23 18:14:14","16228"
"A1T9KDKDFO114S","cs_wg_v7_real3","3K2755HG5S4STNPX14QX1QXK1I7DFZ",,"Memory","2",,"2","10","1","14555","[""structure"",""keyboard "",""ladder"",""community"",""wedding"",""helicopter"","""","""","""","""","""","""","""",""""]",,"180","2018-04-23 18:14:18","16229"
"ABBAWZP4MS7HS","cs_wg_v7_real3","3X66WABAJWJ0PVJVJZQ362BKBKI3GQ",,"Alphabet position of third letter.","0","[3,14,3,12,14,1,14,14,11,0,17,2,24,18]","0","5","1","26818","keyboard",,"180","2018-04-23 18:15:06","16230"
"AS1GEX2TXAY8","cs_wg_v7_real3","36AHBNMV1RDYTE6S6UILQB407T6DY5",,"Alphabet position of third letter.","0","[3,14,3,12,14,1,14,14,11,0,17,2,24,18]","0","5","1","56455","Keyboard",,"180","2018-04-23 18:15:09","16231"
"A39A8K2UX0U05W","cs_wg_v7_real3","33JKGHPFYCV7L98RCL8DSLTNCNLNMY",,"Memory","2",,"2","10","1","11484","[""doorway"",""bookshelf"",""structure"",""basket"",""football"",""machine"",""ladder"",""umbrella"",""stomach"",""helicopter"","""","""","""",""""]",,"180","2018-04-23 18:15:20","16232"
"A3JVNCGC2RH31B","cs_wg_v7_real3","3GS6S824SQY3QL25GNE01JVEAPZNWP",,"Alphabet position of third-to-last letter.","1","[9,1,4,9,5,12,1,23,20,6,21,9,1,11]","1","4","0","66967",,,"20","2018-04-23 18:15:29","16233"
"AZBH4LJ5SL456","cs_wg_v7_real3","3Z4GS9HPNVBZXL9HS8PZD6A7HJU775",,"Alphabet position of third letter.","0","[3,14,3,12,14,1,14,14,11,0,17,2,24,18]","0","5","1","36460","KEYBOARD",,"180","2018-04-23 18:15:59","16234"
"ABBAWZP4MS7HS","cs_wg_v7_real3","3X66WABAJWJ0PVJVJZQ362BKBKI3GQ",,"Alphabet position of third-to-last letter.","1","[9,1,4,9,5,12,1,23,20,6,21,9,1,11]","1","5","1","17575","umbrel",,"20","2018-04-23 18:16:03","16235"
"A1160COTUR26JZ","cs_wg_v7_real3","3QL2OFSM96JUCNW0ZWEZPPOBI9HNCG",,"Alphabet position of third letter.","0","[3,14,3,12,14,1,14,14,11,0,17,2,24,18]","0","5","1","19030","KEYBOARD",,"180","2018-04-23 18:16:17","16236"
"AS1GEX2TXAY8","cs_wg_v7_real3","36AHBNMV1RDYTE6S6UILQB407T6DY5",,"Alphabet position of third-to-last letter.","1","[9,1,4,9,5,12,1,23,20,6,21,9,1,11]","1","5","1","33610",,"Community
football
machine
key","20","2018-04-23 18:16:21","16237"
"AZBH4LJ5SL456","cs_wg_v7_real3","3Z4GS9HPNVBZXL9HS8PZD6A7HJU775",,"Alphabet position of third-to-last letter.","1","[9,1,4,9,5,12,1,23,20,6,21,9,1,11]","1","5","1","13610","BASKET","UMBRELLA
COMMUNITY
","20","2018-04-23 18:16:51","16238"
"A2GU2QUQZNSG9U","cs_wg_v7_real3","3QEMNNSB2X0FEUARJLSLDYK33UOD7V",,"Memory","2",,"2","10","1","9123","[""BASKET"",""STOMACHE"",""KEYBOARD"",""UMRBELLA"",""WEDDING"","""","""","""","""","""","""","""","""",""""]",,"180","2018-04-23 18:16:52","16239"
"A2Q8N687305WLH","cs_wg_v7_real3","324G5B4FB39LFA9X794QYR0K95O705",,"Memory","2",,"2","10","1","8990","[""DOORWAY"",""MACHINE"",""KEYBOARD"",""BASKET"",""UMBRELLA"",""STRUCTURE"","""","""","""","""","""","""","""",""""]",,"180","2018-04-23 18:16:58","16240"
"A1160COTUR26JZ","cs_wg_v7_real3","3QL2OFSM96JUCNW0ZWEZPPOBI9HNCG",,"Alphabet position of third-to-last letter.","1","[9,1,4,9,5,12,1,23,20,6,21,9,1,11]","1","5","1","25181","community",,"20","2018-04-23 18:17:25","16241"
"ABBAWZP4MS7HS","cs_wg_v7_real3","3X66WABAJWJ0PVJVJZQ362BKBKI3GQ",,"Memory","2",,"2","10","1","30450","[""stomach"",""football"",""helicopter"",""basket"",""bookshelf"",""wedding"",""doorway"",""machine"",""umbrella"",""scructure"",""ladder"",""traffic"",""keyboard"",""""]",,"180","2018-04-23 18:19:37","16242"
"AS1GEX2TXAY8","cs_wg_v7_real3","36AHBNMV1RDYTE6S6UILQB407T6DY5",,"Memory","2",,"2","10","1","15638","[""Community"",""Bookshelf"",""Keyboard"",""Machine"",""Structure"",""Basket"",""Football"",""Machine"",""Traffic"",""Ladder"","""","""","""",""""]",,"180","2018-04-23 18:19:40","16243"
"A3JVNCGC2RH31B","cs_wg_v7_real3","3GS6S824SQY3QL25GNE01JVEAPZNWP",,"Memory","2",,"2","10","1","86996","["""","""","""","""","""","""","""","""","""","""","""","""","""",""""]",,"180","2018-04-23 18:20:00","16244"
"AZBH4LJ5SL456","cs_wg_v7_real3","3Z4GS9HPNVBZXL9HS8PZD6A7HJU775",,"Memory","2",,"2","10","1","13584","[""BASKET"",""COMMUNITY"",""KEYBOARD"",""WEDDING"",""LADDER"",""STRUCTURE"",""DOORWAY"",""FOOTBALL"",""UMBRELLA"",""HELICOPTER"",""STOMACH"","""","""",""""]",,"180","2018-04-23 18:20:08","16245"
"A1160COTUR26JZ","cs_wg_v7_real3","3QL2OFSM96JUCNW0ZWEZPPOBI9HNCG",,"Memory","2",,"2","10","1","104486","[""WEDDING"",""COMMUNITY"",""LADDER"",""KEYBOARD"",""HELICOPTER"",""BASKET"",""FOOTBALL"",""UMBRELLA"","""","""","""","""","""",""""]",,"180","2018-04-23 18:22:13","16246"
"A22IIMLQ7K4B3M","cs_wg_v7_real3","3HVVDCPGTET5A32PSKI0VFMMAFLYT0",,"Alphabet position of third letter.","0","[3,14,3,12,14,1,14,14,11,0,17,2,24,18]","0","5","1","24861","Keyboard","Keyboard y=25","180","2018-04-23 18:25:03","16247"
"A22IIMLQ7K4B3M","cs_wg_v7_real3","3HVVDCPGTET5A32PSKI0VFMMAFLYT0",,"Alphabet position of third-to-last letter.","1","[9,1,4,9,5,12,1,23,20,6,21,9,1,11]","1","3","0","25310","Community ","Helicopter
Machine
Community ","20","2018-04-23 18:26:01","16248"
"A22IIMLQ7K4B3M","cs_wg_v7_real3","3HVVDCPGTET5A32PSKI0VFMMAFLYT0",,"Memory","2",,"2","10","1","8092","[""Umbrella"",""Helicopter "",""Machine"",""Community"",""Ladder"",""Stomach"",""Bookshelf"",""Basket"",""Football"","""","""","""","""",""""]",,"180","2018-04-23 18:29:12","16249"
"A3LL096CAY5WHB","cs_wg_v7_real3","3JMSRU9HQIVMHQPNXE6LPUIRPO7VE9",,"Alphabet position of third letter.","0","[3,14,3,12,14,1,14,14,11,0,17,2,24,18]","0","5","1","47800","keyboard",,"180","2018-04-23 18:34:07","16250"
"AOOGCOBAZBWJ2","cs_wg_v7_real3","3TEM0PF1Q5Y1WJA7YM7CYJAGVGMD0Z",,"Alphabet position of third letter.","0","[3,14,3,12,14,1,14,14,11,0,17,2,24,18]","0","5","1","39123","football",,"180","2018-04-23 18:34:47","16251"
"A3LL096CAY5WHB","cs_wg_v7_real3","3JMSRU9HQIVMHQPNXE6LPUIRPO7VE9",,"Alphabet position of third-to-last letter.","1","[9,1,4,9,5,12,1,23,20,6,21,9,1,11]","1","3","0","18025","basket",,"20","2018-04-23 18:35:07","16252"
"AOOGCOBAZBWJ2","cs_wg_v7_real3","3TEM0PF1Q5Y1WJA7YM7CYJAGVGMD0Z",,"Alphabet position of third-to-last letter.","1","[9,1,4,9,5,12,1,23,20,6,21,9,1,11]","1","5","1","34542","ladder",,"20","2018-04-23 18:36:18","16253"
"A3LL096CAY5WHB","cs_wg_v7_real3","3JMSRU9HQIVMHQPNXE6LPUIRPO7VE9",,"Memory","2",,"2","10","1","12586","[""basket"",""football"","""","""","""","""","""","""","""","""","""","""","""",""""]",,"180","2018-04-23 18:38:23","16254"
"AOOGCOBAZBWJ2","cs_wg_v7_real3","3TEM0PF1Q5Y1WJA7YM7CYJAGVGMD0Z",,"Memory","2",,"2","10","1","17127","[""basket"",""football"",""community "",""helicopter "",""ladder "","""","""","""","""","""","""","""","""",""""]",,"180","2018-04-23 18:39:38","16255"
"A1QJ2VPPZG16EG","cs_wg_v7_real3","37W3JXSD669X2K6JNPNBIZTLE9EWYZ",,"Alphabet position of third letter.","0","[3,14,3,12,14,1,14,14,11,0,17,2,24,18]","0","5","1","71751","keyboard",,"180","2018-04-23 18:41:30","16256"
"A18Z8DWD46ICP8","cs_wg_v7_real3","3MD9PLUKKIF7KG7ARAY70NPWRREZN2",,"Alphabet position of third letter.","0","[3,14,3,12,14,1,14,14,11,0,17,2,24,18]","0","5","1","102140","Doorway",,"180","2018-04-23 18:43:25","16257"
"A1CGDMOPDIC7EU","cs_wg_v7_real3","358UUM7WRZ49F4TW1MN5IN17IVPR7P",,"Alphabet position of third letter.","0","[3,14,3,12,14,1,14,14,11,0,17,2,24,18]","0","5","1","30399","keyboard",,"180","2018-04-23 18:43:35","16258"
"A1QJ2VPPZG16EG","cs_wg_v7_real3","37W3JXSD669X2K6JNPNBIZTLE9EWYZ",,"Alphabet position of third-to-last letter.","1","[9,1,4,9,5,12,1,23,20,6,21,9,1,11]","1","5","1","81164",,,"20","2018-04-23 18:43:37","16259"
"A1CGDMOPDIC7EU","cs_wg_v7_real3","358UUM7WRZ49F4TW1MN5IN17IVPR7P",,"Alphabet position of third-to-last letter.","1","[9,1,4,9,5,12,1,23,20,6,21,9,1,11]","1","5","1","22228","strusture",,"20","2018-04-23 18:44:34","16260"
"A18Z8DWD46ICP8","cs_wg_v7_real3","3MD9PLUKKIF7KG7ARAY70NPWRREZN2",,"Alphabet position of third-to-last letter.","1","[9,1,4,9,5,12,1,23,20,6,21,9,1,11]","1","5","1","55249",,,"20","2018-04-23 18:45:04","16261"
"A2YUCJ28XANFOX","cs_wg_v7_real3","33PPO7FECVGC3ERN2CWI4NACHAAID6",,"Alphabet position of third letter.","0","[3,14,3,12,14,1,14,14,11,0,17,2,24,18]","0","5","1","62578","writing","keyboard","180","2018-04-23 18:46:55","16262"
"A1QJ2VPPZG16EG","cs_wg_v7_real3","37W3JXSD669X2K6JNPNBIZTLE9EWYZ",,"Memory","2",,"2","10","1","46867","[""stomach"",""keyboard"",""community"",""basket"",""wedding"",""structure"",""umbrella"","""","""","""","""","""","""",""""]",,"180","2018-04-23 18:47:27","16263"
"A1CGDMOPDIC7EU","cs_wg_v7_real3","358UUM7WRZ49F4TW1MN5IN17IVPR7P",,"Memory","2",,"2","10","1","25031","[""keyboard"",""structure"",""basket"",""football"",""stomach"","""","""","""","""","""","""","""","""",""""]",,"180","2018-04-23 18:48:02","16264"
"A2YUCJ28XANFOX","cs_wg_v7_real3","33PPO7FECVGC3ERN2CWI4NACHAAID6",,"Alphabet position of third-to-last letter.","1","[9,1,4,9,5,12,1,23,20,6,21,9,1,11]","1","5","1","47694","vow","wedding","20","2018-04-23 18:48:18","16265"
"A18Z8DWD46ICP8","cs_wg_v7_real3","3MD9PLUKKIF7KG7ARAY70NPWRREZN2",,"Memory","2",,"2","10","1","11631","[""wedding"",""Traffic"",""doorway"",""helicopter"","""","""","""","""","""","""","""","""","""",""""]",,"180","2018-04-23 18:48:19","16266"
"A114INA2S32A8L","cs_wg_v7_real3","33LK57MYLT640TZFZ6FTZHZ2EQBSZW",,"Alphabet position of third letter.","0","[3,14,3,12,14,1,14,14,11,0,17,2,24,18]","0","5","1","38665","KEYBOARD","TRAFFIC, BASKET, COMMUNITY, FOOTBALL, BOOKSHELF, UMBRELLA, WEDDING, LADDER, STOMACH, DOORWAY, KEYBOARD, STRUCTURE, MACHINE, HELICOPTER, TRAFFIC, BASKET, COMMUNITY, FOOTBALL, BOOKSHELF, UMBRELLA, WEDDING, LADDER, STOMACH, DOORWAY, KEYBOARD, STRUCTURE, MACHINE, HELICOPTER, TRAFFIC, BASKET, COMMUNITY, FOOTBALL, BOOKSHELF, UMBRELLA, WEDDING, LADDER, STOMACH, DOORWAY, KEYBOARD, STRUCTURE, MACHINE, HELICOPTER, ","180","2018-04-23 18:52:09","16267"
"A2YUCJ28XANFOX","cs_wg_v7_real3","33PPO7FECVGC3ERN2CWI4NACHAAID6",,"Memory","2",,"2","10","1","109410","[""wedding"",""stomach"",""keyboard"",""football"","""","""","""","""","""","""","""","""","""",""""]",,"180","2018-04-23 18:53:10","16268"
"A114INA2S32A8L","cs_wg_v7_real3","33LK57MYLT640TZFZ6FTZHZ2EQBSZW",,"Alphabet position of third-to-last letter.","1","[9,1,4,9,5,12,1,23,20,6,21,9,1,11]","1","5","1","14780","DOORWAY",,"20","2018-04-23 18:53:14","16269"
"A114INA2S32A8L","cs_wg_v7_real3","33LK57MYLT640TZFZ6FTZHZ2EQBSZW",,"Memory","2",,"2","10","1","21773","[""DOORWAY"",""UMBRELLA"",""STRUCTURE"",""FOOTBALL"",""COMMUNITY"",""MACHINE"",""HELICOPTER"",""BASKET"",""WEDDING"",""BOOKSHELF"",""LADDER"","""","""",""""]",,"180","2018-04-23 18:56:39","16270"
"A1X1IRFYQZ40LD","cs_wg_v7_real3","3OLF68YTN92UVGMLHUZVBPPEGFLAF5",,"Alphabet position of third letter.","0","[3,14,3,12,14,1,14,14,11,0,17,2,24,18]","0","5","1","25521","keyboard",,"180","2018-04-23 18:59:17","16271"
"A1X1IRFYQZ40LD","cs_wg_v7_real3","3OLF68YTN92UVGMLHUZVBPPEGFLAF5",,"Alphabet position of third-to-last letter.","1","[9,1,4,9,5,12,1,23,20,6,21,9,1,11]","1","5","1","29409","helicopter","wedding
helicopter","20","2018-04-23 19:00:24","16272"
"A1X1IRFYQZ40LD","cs_wg_v7_real3","3OLF68YTN92UVGMLHUZVBPPEGFLAF5",,"Memory","2",,"2","10","1","15466","[""helicopter"",""wedding"",""structure"",""basket"",""doorway"",""bookshelf"",""stomach"",""keyboard"",""traffic"",""ladder"",""umbrella"",""community"",""structure"",""football""]",,"180","2018-04-23 19:03:42","16273"
"AHDW0M4017Z8K","cs_wg_v7_real3","3NKQQ8O39Y6HC5MNWTLWNQYNB5AUD3",,"Alphabet position of third letter.","0","[3,14,3,12,14,1,14,14,11,0,17,2,24,18]","0","4","0","21949","keyboard",,"180","2018-04-23 19:33:15","16274"
"AHDW0M4017Z8K","cs_wg_v7_real3","3NKQQ8O39Y6HC5MNWTLWNQYNB5AUD3",,"Alphabet position of third-to-last letter.","1","[9,1,4,9,5,12,1,23,20,6,21,9,1,11]","1","3","0","4858","structure",,"20","2018-04-23 19:33:53","16275"
"A2VW2G52AKT86G","cs_wg_v7_real3","3W2LOLRXLBGXAJ0GKGCEMS6TOF3RK9",,"Alphabet position of third letter.","0","[3,14,3,12,14,1,14,14,11,0,17,2,24,18]","0","5","1","62064","KEYBOARD",,"180","2018-04-23 19:35:39","16276"
"A2VW2G52AKT86G","cs_wg_v7_real3","3W2LOLRXLBGXAJ0GKGCEMS6TOF3RK9",,"Alphabet position of third-to-last letter.","1","[9,1,4,9,5,12,1,23,20,6,21,9,1,11]","1","5","1","34531","Helicopter",,"20","2018-04-23 19:36:49","16277"
"A10HOQZSWUIYHC","cs_wg_v7_real3","35GCEFQ6I5P0GCE09RESR9RQMAW3ZZ",,"Alphabet position of third letter.","0","[3,14,3,12,14,1,14,14,11,0,17,2,24,18]","0","6","0","54495","4","COMMUNITY
MOUTH
DOORWAY
BASKET
KEYBOIARD","180","2018-04-23 19:39:51","16278"
"A2VW2G52AKT86G","cs_wg_v7_real3","3W2LOLRXLBGXAJ0GKGCEMS6TOF3RK9",,"Memory","2",,"2","10","1","10315","[""Helicopter"",""Doorway"",""Bookshelf"",""Community"",""Structure"",""Traffic"",""Keyboard"",""Wedding"",""Ladder"","""","""","""","""",""""]",,"180","2018-04-23 19:40:05","16279"
"A10HOQZSWUIYHC","cs_wg_v7_real3","35GCEFQ6I5P0GCE09RESR9RQMAW3ZZ",,"Alphabet position of third-to-last letter.","1","[9,1,4,9,5,12,1,23,20,6,21,9,1,11]","1","6","0","124435",,"HOLE","20","2018-04-23 19:42:30","16280"
"A2G4PA35IX5RIA","cs_wg_v7_real3","38F71OA9GTXVXHVAEXP0KGKEAWZFMJ",,"Alphabet position of third letter.","0","[3,14,3,12,14,1,14,14,11,0,17,2,24,18]","0","5","1","22392","KEYBOARD","sorry my memory was so shoddy on the last page :/

at least this part is easy because one has a Y in the third position","180","2018-04-23 19:42:38","16281"
"A2G4PA35IX5RIA","cs_wg_v7_real3","38F71OA9GTXVXHVAEXP0KGKEAWZFMJ",,"Alphabet position of third-to-last letter.","1","[9,1,4,9,5,12,1,23,20,6,21,9,1,11]","1","5","1","31970","WEDDING","STOMACH
MACHINE
WEDDING
","20","2018-04-23 19:43:47","16282"
"A2EA2PN47ZWILX","cs_wg_v7_real3","3QEMNNSB2X0FEUARJLSLDYK33UAD7H",,"Alphabet position of third letter.","0","[3,14,3,12,14,1,14,14,11,0,17,2,24,18]","0","5","1","81843","Basket",,"180","2018-04-23 19:45:25","16283"
"A2EA2PN47ZWILX","cs_wg_v7_real3","3QEMNNSB2X0FEUARJLSLDYK33UAD7H",,"Alphabet position of third-to-last letter.","1","[9,1,4,9,5,12,1,23,20,6,21,9,1,11]","1","5","1","41853","structure",,"20","2018-04-23 19:46:46","16284"
"A2G4PA35IX5RIA","cs_wg_v7_real3","38F71OA9GTXVXHVAEXP0KGKEAWZFMJ",,"Memory","2",,"2","10","1","9528","[""MACHINE"",""WEDDING"",""KEYBOARD"",""UMBRELLA"",""STOMACH"",""TRAFFIC"","""","""","""","""","""","""","""",""""]",,"180","2018-04-23 19:47:00","16285"
"A2INXY39KBM92F","cs_wg_v7_real3","3NKQQ8O39Y6HC5MNWTLWNQYNB5AUD3",,"Alphabet position of third letter.","0","[3,14,3,12,14,1,14,14,11,0,17,2,24,18]","0","5","1","29038","Keyboard",,"180","2018-04-23 19:48:52","16286"
"A2INXY39KBM92F","cs_wg_v7_real3","3NKQQ8O39Y6HC5MNWTLWNQYNB5AUD3",,"Alphabet position of third-to-last letter.","1","[9,1,4,9,5,12,1,23,20,6,21,9,1,11]","1","5","1","22644","helicopter",,"20","2018-04-23 19:49:50","16287"
"A2EA2PN47ZWILX","cs_wg_v7_real3","3QEMNNSB2X0FEUARJLSLDYK33UAD7H",,"Memory","2",,"2","10","1","107765","[""Structure"",""football"",""traffic"",""umbrella"",""machine"",""basket"",""doorway"",""community"",""bookshelf"",""basket"",""keyboard"",""stomach"",""helicopter"",""""]",,"180","2018-04-23 19:51:37","16288"
"A2INXY39KBM92F","cs_wg_v7_real3","3NKQQ8O39Y6HC5MNWTLWNQYNB5AUD3",,"Memory","2",,"2","10","1","20894","[""Basket"",""Traffic"",""Ladder"",""Doorway"",""Structure"",""Keyboard"",""Helicopter"",""Machine"",""Community"",""Football"","""","""","""",""""]",,"180","2018-04-23 19:53:14","16289"
"AMDX0UNZS4A1G","cs_wg_v7_real3","3MD9PLUKKIF7KG7ARAY70NPWRREZN2",,"Alphabet position of third letter.","0","[3,14,3,12,14,1,14,14,11,0,17,2,24,18]","0","5","1","28014","KEYBOARD",,"180","2018-04-23 20:08:04","16290"
"AMDX0UNZS4A1G","cs_wg_v7_real3","3MD9PLUKKIF7KG7ARAY70NPWRREZN2",,"Alphabet position of third-to-last letter.","1","[9,1,4,9,5,12,1,23,20,6,21,9,1,11]","1","5","1","21138","DOORWAY",,"20","2018-04-23 20:09:02","16291"
"A2FRCLOQP2E8XP","cs_wg_v7_real3","3OE22WJIGIPB1EQS1FRGNP5MUKRUQ0",,"Alphabet position of third letter.","0","[3,14,3,12,14,1,14,14,11,0,17,2,24,18]","0","5","1","36871","KEYBOARD",,"180","2018-04-23 20:11:32","16292"
"A3DB11T127QKJF","cs_wg_v7_real3","33C7UALJVLZPMDZYDX0WQWFPPHL18A",,"Alphabet position of third letter.","0","[3,14,3,12,14,1,14,14,11,0,17,2,24,18]","0","5","1","22413","keyboard",,"180","2018-04-23 20:11:55","16293"
"AMDX0UNZS4A1G","cs_wg_v7_real3","3MD9PLUKKIF7KG7ARAY70NPWRREZN2",,"Memory","2",,"2","10","1","13147","[""HELICOPTER"",""BOOKSHELF"",""DOORWAY"",""UMBRELLA"",""KEYBOARD"",""MACHINE"",""COMMUNITY"",""STUCTURE"",""WEDDING"",""FOOTBALL"",""TRAFFIC"","""","""",""""]",,"180","2018-04-23 20:12:19","16294"
"A2FRCLOQP2E8XP","cs_wg_v7_real3","3OE22WJIGIPB1EQS1FRGNP5MUKRUQ0",,"Alphabet position of third-to-last letter.","1","[9,1,4,9,5,12,1,23,20,6,21,9,1,11]","1","5","1","22963","Basket",,"20","2018-04-23 20:12:31","16295"
"A3DB11T127QKJF","cs_wg_v7_real3","33C7UALJVLZPMDZYDX0WQWFPPHL18A",,"Alphabet position of third-to-last letter.","1","[9,1,4,9,5,12,1,23,20,6,21,9,1,11]","1","5","1","21626","helicopter",,"20","2018-04-23 20:12:52","16296"
"A2FRCLOQP2E8XP","cs_wg_v7_real3","3OE22WJIGIPB1EQS1FRGNP5MUKRUQ0",,"Memory","2",,"2","10","1","12090","[""Basket"",""Machine"",""Traffic"",""Bookshelf"",""Football"",""Wedding"",""Structure"",""Community"",""Helicopter"",""Keyboard"",""Stomach"",""Ladder"","""",""""]",,"180","2018-04-23 20:15:46","16297"
"A3DB11T127QKJF","cs_wg_v7_real3","33C7UALJVLZPMDZYDX0WQWFPPHL18A",,"Memory","2",,"2","10","1","13226","[""umbrella"",""basket"",""doorway"",""keyboard"",""helicopter"",""machine"",""football"",""structure"",""traffic"","""","""","""","""",""""]",,"180","2018-04-23 20:16:08","16298"
"A1VLRMNX5OSDNJ","cs_wg_v7_real3","3UWN2HHPUY6AJ4LWWI4Z4UST4DFSNT",,"Alphabet position of third letter.","0","[3,14,3,12,14,1,14,14,11,0,17,2,24,18]","0","5","1","377845","KEYBOARD","KEYBOARD","180","2018-04-23 20:58:16","16299"
"A1VLRMNX5OSDNJ","cs_wg_v7_real3","3UWN2HHPUY6AJ4LWWI4Z4UST4DFSNT",,"Alphabet position of third-to-last letter.","1","[9,1,4,9,5,12,1,23,20,6,21,9,1,11]","1","5","1","56783","FOOTBALL","FOOTBALL","20","2018-04-23 20:59:49","16300"
"A1VLRMNX5OSDNJ","cs_wg_v7_real3","3UWN2HHPUY6AJ4LWWI4Z4UST4DFSNT",,"Memory","2",,"2","10","1","20027","[""KEYBOARD"",""COMMUNITY"",""TRAFFIC"",""FOOTBALL"",""STOMACH"",""BASKET"","""","""","""","""","""","""","""",""""]",,"180","2018-04-23 21:03:12","16301"
